datetime,open,high,low,close
2026-07-24 23:04:00,1.1368,1.13696,1.1368,1.13694
2026-07-24 23:03:00,1.13686,1.13688,1.13676,1.13678
2026-07-24 23:02:00,1.13709,1.13709,1.13674,1.13679
2026-07-24 23:01:00,1.13702,1.13724,1.13685,1.13718
2026-07-24 23:00:00,1.13687,1.13711,1.13687,1.13708
2026-07-24 22:59:00,1.13687,1.137,1.13687,1.13697
2026-07-24 22:58:00,1.13697,1.13697,1.13682,1.13683
2026-07-24 22:57:00,1.13698,1.13703,1.13686,1.13698
2026-07-24 22:56:00,1.13695,1.137,1.13695,1.13699
2026-07-24 22:55:00,1.13695,1.13699,1.13695,1.13698
2026-07-24 22:54:00,1.13688,1.13698,1.13688,1.13697
2026-07-24 22:53:00,1.1369,1.13698,1.13685,1.13686
2026-07-24 22:52:00,1.13691,1.13691,1.13688,1.13691
2026-07-24 22:51:00,1.13688,1.13694,1.13687,1.13693
2026-07-24 22:50:00,1.13688,1.13692,1.13688,1.13692
2026-07-24 22:49:00,1.13694,1.13694,1.13687,1.13687
2026-07-24 22:48:00,1.13708,1.13708,1.13682,1.13687
2026-07-24 22:47:00,1.13693,1.13718,1.13691,1.13716
2026-07-24 22:46:00,1.13685,1.13713,1.13685,1.13708
2026-07-24 22:45:00,1.13683,1.13699,1.13679,1.13683
2026-07-24 22:44:00,1.13693,1.13693,1.13679,1.13681
2026-07-24 22:43:00,1.13711,1.13711,1.13678,1.13684
2026-07-24 22:42:00,1.13724,1.13724,1.13689,1.13697
2026-07-24 22:41:00,1.13725,1.13732,1.13706,1.13725
2026-07-24 22:40:00,1.13723,1.13728,1.13722,1.13727
2026-07-24 22:39:00,1.13719,1.13727,1.13719,1.13727
2026-07-24 22:38:00,1.13723,1.13729,1.13711,1.13713
2026-07-24 22:37:00,1.13716,1.13727,1.13714,1.13726
2026-07-24 22:36:00,1.13716,1.13726,1.1371,1.13712
2026-07-24 22:35:00,1.13726,1.13726,1.1371,1.13712
2026-07-24 22:34:00,1.13742,1.13742,1.13713,1.13718
2026-07-24 22:33:00,1.13757,1.13757,1.13728,1.13733
2026-07-24 22:32:00,1.13751,1.13764,1.13738,1.13762
2026-07-24 22:31:00,1.13752,1.1376,1.13746,1.13748
2026-07-24 22:30:00,1.13747,1.13755,1.13745,1.13755
2026-07-24 22:29:00,1.13751,1.13757,1.13738,1.1374
2026-07-24 22:28:00,1.13748,1.13755,1.13744,1.13754
2026-07-24 22:27:00,1.13746,1.13755,1.13745,1.13752
2026-07-24 22:26:00,1.13759,1.13759,1.13738,1.13742
2026-07-24 22:25:00,1.13756,1.13763,1.1374,1.13762
2026-07-24 22:24:00,1.13757,1.13762,1.13755,1.13761
2026-07-24 22:23:00,1.13764,1.13764,1.1375,1.13753
2026-07-24 22:22:00,1.13765,1.13765,1.13759,1.13765
2026-07-24 22:21:00,1.13773,1.13773,1.13759,1.13761
2026-07-24 22:20:00,1.13774,1.13775,1.13764,1.13774
2026-07-24 22:19:00,1.13773,1.13776,1.1377,1.13776
2026-07-24 22:18:00,1.13766,1.13779,1.13766,1.13776
2026-07-24 22:17:00,1.13772,1.13772,1.13766,1.13767
2026-07-24 22:16:00,1.13773,1.13773,1.1376,1.13764
2026-07-24 22:15:00,1.13772,1.13775,1.13772,1.13775
2026-07-24 22:14:00,1.13777,1.13777,1.13764,1.13767
2026-07-24 22:13:00,1.13779,1.13779,1.13768,1.13772
2026-07-24 22:12:00,1.13773,1.13781,1.13771,1.13781
2026-07-24 22:11:00,1.13768,1.13783,1.13767,1.13779
2026-07-24 22:10:00,1.13756,1.13776,1.13756,1.13774
2026-07-24 22:09:00,1.1375,1.13773,1.13737,1.13766
2026-07-24 22:08:00,1.13746,1.13754,1.13746,1.13754
2026-07-24 22:07:00,1.13733,1.13756,1.13733,1.13752
2026-07-24 22:06:00,1.13728,1.13744,1.13728,1.13742
2026-07-24 22:05:00,1.13735,1.13739,1.13723,1.13724
2026-07-24 22:04:00,1.13741,1.13741,1.1372,1.13726
2026-07-24 22:03:00,1.13754,1.13754,1.13736,1.13738
2026-07-24 22:02:00,1.13754,1.13755,1.13742,1.13755
2026-07-24 22:01:00,1.13755,1.13758,1.13754,1.13755
2026-07-24 22:00:00,1.13731,1.13764,1.13731,1.13761
2026-07-24 21:59:00,1.13729,1.13753,1.13729,1.13747
2026-07-24 21:58:00,1.13753,1.13753,1.13718,1.13721
2026-07-24 21:57:00,1.13756,1.1377,1.13726,1.13735
2026-07-24 21:56:00,1.13762,1.13762,1.13749,1.13752
2026-07-24 21:55:00,1.13763,1.13764,1.13757,1.13764
2026-07-24 21:54:00,1.13769,1.13769,1.1376,1.13761
2026-07-24 21:53:00,1.1379,1.1379,1.13759,1.13763
2026-07-24 21:52:00,1.13798,1.13798,1.13762,1.13772
2026-07-24 21:51:00,1.138,1.138,1.13792,1.13794
2026-07-24 21:50:00,1.13802,1.13802,1.13797,1.13802
2026-07-24 21:49:00,1.13803,1.13805,1.13797,1.13798
2026-07-24 21:48:00,1.13806,1.13806,1.13798,1.13806
2026-07-24 21:47:00,1.13807,1.13808,1.13804,1.13807
2026-07-24 21:46:00,1.13796,1.13814,1.13796,1.13812
2026-07-24 21:45:00,1.13794,1.13811,1.13785,1.13788
2026-07-24 21:44:00,1.13798,1.13798,1.1379,1.13792
2026-07-24 21:43:00,1.13795,1.13799,1.13792,1.13799
2026-07-24 21:42:00,1.13794,1.13801,1.13794,1.13799
2026-07-24 21:41:00,1.138,1.138,1.13789,1.13791
2026-07-24 21:40:00,1.13809,1.13809,1.13789,1.13793
2026-07-24 21:39:00,1.13814,1.13816,1.13799,1.13803
2026-07-24 21:38:00,1.13814,1.13816,1.1381,1.13816
2026-07-24 21:37:00,1.13818,1.13818,1.1381,1.13812
2026-07-24 21:36:00,1.13821,1.13821,1.1381,1.13813
2026-07-24 21:35:00,1.13822,1.13823,1.13815,1.13823
2026-07-24 21:34:00,1.13825,1.13825,1.13816,1.13818
2026-07-24 21:33:00,1.13821,1.13827,1.1382,1.13827
2026-07-24 21:32:00,1.13829,1.13829,1.13817,1.13819
2026-07-24 21:31:00,1.1384,1.1384,1.13819,1.13823
2026-07-24 21:30:00,1.13848,1.13848,1.13823,1.13829
2026-07-24 21:29:00,1.1385,1.1385,1.13838,1.1385
2026-07-24 21:28:00,1.13848,1.13852,1.13848,1.13852
2026-07-24 21:27:00,1.13852,1.13855,1.13842,1.13844
2026-07-24 21:26:00,1.13853,1.13854,1.13842,1.13853
2026-07-24 21:25:00,1.13855,1.13855,1.13845,1.13848
2026-07-24 21:24:00,1.13858,1.13858,1.13851,1.13853
2026-07-24 21:23:00,1.13855,1.1386,1.13855,1.1386
2026-07-24 21:22:00,1.1386,1.13861,1.13852,1.13853
2026-07-24 21:21:00,1.13866,1.13866,1.13854,1.13856
2026-07-24 21:20:00,1.13875,1.13875,1.13859,1.13862
2026-07-24 21:19:00,1.13874,1.13881,1.13861,1.13879
2026-07-24 21:18:00,1.13881,1.13881,1.13869,1.1387
2026-07-24 21:17:00,1.13879,1.13887,1.13869,1.13886
2026-07-24 21:16:00,1.13865,1.13885,1.13865,1.13883
2026-07-24 21:15:00,1.13863,1.13878,1.13863,1.13875
2026-07-24 21:14:00,1.13859,1.1387,1.13858,1.13867
2026-07-24 21:13:00,1.13859,1.13863,1.13858,1.13862
2026-07-24 21:12:00,1.13858,1.1386,1.13851,1.1386
2026-07-24 21:11:00,1.13847,1.13862,1.13847,1.13861
2026-07-24 21:10:00,1.13842,1.13857,1.13842,1.13855
2026-07-24 21:09:00,1.13844,1.13853,1.13835,1.13837
2026-07-24 21:08:00,1.13845,1.13846,1.13839,1.13846
2026-07-24 21:07:00,1.13852,1.13852,1.13841,1.13842
2026-07-24 21:06:00,1.13848,1.13856,1.13839,1.13855
2026-07-24 21:05:00,1.1384,1.13855,1.1384,1.13852
2026-07-24 21:04:00,1.13835,1.13848,1.13835,1.13846
2026-07-24 21:03:00,1.13827,1.13843,1.13827,1.1384
2026-07-24 21:02:00,1.13832,1.13837,1.13825,1.13826
2026-07-24 21:01:00,1.13839,1.13839,1.13827,1.13829
2026-07-24 21:00:00,1.1383,1.13843,1.1383,1.13842
2026-07-24 20:59:00,1.13823,1.13843,1.13823,1.1384
2026-07-24 20:58:00,1.13828,1.13837,1.1381,1.13814
2026-07-24 20:57:00,1.13825,1.13833,1.1382,1.13832
2026-07-24 20:56:00,1.13837,1.13837,1.1382,1.13821
2026-07-24 20:55:00,1.13842,1.13843,1.13821,1.13827
2026-07-24 20:54:00,1.13857,1.13857,1.13832,1.13836
2026-07-24 20:53:00,1.13865,1.13865,1.13844,1.13849
2026-07-24 20:52:00,1.13865,1.13866,1.13858,1.13866
2026-07-24 20:51:00,1.13871,1.13871,1.1386,1.13862
2026-07-24 20:50:00,1.13874,1.13874,1.13858,1.13863
2026-07-24 20:49:00,1.13873,1.13876,1.13865,1.13875
2026-07-24 20:48:00,1.13874,1.13876,1.13872,1.13876
2026-07-24 20:47:00,1.13876,1.13878,1.13869,1.13871
2026-07-24 20:46:00,1.13877,1.1388,1.13873,1.1388
2026-07-24 20:45:00,1.13887,1.13887,1.13873,1.13874
2026-07-24 20:44:00,1.13887,1.13891,1.13877,1.1389
2026-07-24 20:43:00,1.13883,1.13889,1.13882,1.13888
2026-07-24 20:42:00,1.13896,1.13896,1.13878,1.1388
2026-07-24 20:41:00,1.13907,1.13907,1.13881,1.13886
2026-07-24 20:40:00,1.13912,1.13912,1.13893,1.13898
2026-07-24 20:39:00,1.13911,1.13916,1.13902,1.13915
2026-07-24 20:38:00,1.13909,1.13917,1.13907,1.13915
2026-07-24 20:37:00,1.1391,1.13912,1.13906,1.13912
2026-07-24 20:36:00,1.13914,1.13914,1.13902,1.13904
2026-07-24 20:35:00,1.13916,1.13917,1.13906,1.13916
2026-07-24 20:34:00,1.13911,1.13919,1.13908,1.13918
2026-07-24 20:33:00,1.1391,1.13917,1.1391,1.13916
2026-07-24 20:32:00,1.13903,1.13913,1.13903,1.13912
2026-07-24 20:31:00,1.13917,1.13917,1.13897,1.13899
2026-07-24 20:30:00,1.13926,1.13926,1.139,1.13906
2026-07-24 20:29:00,1.13923,1.1393,1.13916,1.13929
2026-07-24 20:28:00,1.1392,1.13926,1.1392,1.13926
2026-07-24 20:27:00,1.13915,1.13928,1.13915,1.13925
2026-07-24 20:26:00,1.13915,1.13919,1.13912,1.13919
2026-07-24 20:25:00,1.13911,1.1392,1.13911,1.13918
2026-07-24 20:24:00,1.13908,1.13914,1.13908,1.13914
2026-07-24 20:23:00,1.13906,1.13914,1.13903,1.13912
2026-07-24 20:22:00,1.13897,1.13911,1.13897,1.1391
2026-07-24 20:21:00,1.1389,1.13907,1.1389,1.13904
2026-07-24 20:20:00,1.13895,1.13901,1.13885,1.13887
2026-07-24 20:19:00,1.13891,1.13898,1.13884,1.13897
2026-07-24 20:18:00,1.13882,1.13899,1.13882,1.13896
2026-07-24 20:17:00,1.13882,1.13889,1.13882,1.13888
2026-07-24 20:16:00,1.13883,1.13889,1.13873,1.13876
2026-07-24 20:15:00,1.13887,1.13887,1.13874,1.13878
2026-07-24 20:14:00,1.13889,1.13889,1.13878,1.13881
2026-07-24 20:13:00,1.13896,1.13896,1.13884,1.13886
2026-07-24 20:12:00,1.13896,1.13897,1.13884,1.13896
2026-07-24 20:11:00,1.13887,1.13899,1.13887,1.13898
2026-07-24 20:10:00,1.13886,1.13896,1.13886,1.13893
2026-07-24 20:09:00,1.13886,1.13891,1.13881,1.13886
2026-07-24 20:08:00,1.13891,1.13891,1.13882,1.13884
2026-07-24 20:07:00,1.13899,1.13899,1.13887,1.13888
2026-07-24 20:06:00,1.13904,1.13904,1.13886,1.13891
2026-07-24 20:05:00,1.13897,1.13908,1.13895,1.13907
2026-07-24 20:04:00,1.13887,1.13905,1.13887,1.13904
2026-07-24 20:03:00,1.13883,1.13902,1.13879,1.13896
2026-07-24 20:02:00,1.13891,1.13891,1.13877,1.1388
2026-07-24 20:01:00,1.13883,1.13895,1.13876,1.13894
2026-07-24 20:00:00,1.13878,1.13894,1.13878,1.13891
2026-07-24 19:59:00,1.13873,1.13882,1.13873,1.13881
2026-07-24 19:58:00,1.1387,1.13883,1.13867,1.13879
2026-07-24 19:57:00,1.1387,1.13873,1.13865,1.13873
2026-07-24 19:56:00,1.13868,1.13876,1.13865,1.13874
2026-07-24 19:55:00,1.13865,1.13871,1.13865,1.13871
2026-07-24 19:54:00,1.13868,1.13872,1.1386,1.13861
2026-07-24 19:53:00,1.13865,1.1387,1.13863,1.1387
2026-07-24 19:52:00,1.13862,1.1387,1.13861,1.13868
2026-07-24 19:51:00,1.13866,1.13867,1.13861,1.13862
2026-07-24 19:50:00,1.13867,1.13867,1.13863,1.13867
2026-07-24 19:49:00,1.13868,1.1387,1.13859,1.13862
2026-07-24 19:48:00,1.13863,1.13871,1.1386,1.13871
2026-07-24 19:47:00,1.13862,1.13873,1.13855,1.13857
2026-07-24 19:46:00,1.13864,1.13864,1.13856,1.13864
2026-07-24 19:45:00,1.13856,1.13868,1.13856,1.13867
2026-07-24 19:44:00,1.1385,1.13864,1.1385,1.13863
2026-07-24 19:43:00,1.13844,1.13861,1.13844,1.13857
2026-07-24 19:42:00,1.13845,1.1385,1.13845,1.13849
2026-07-24 19:41:00,1.13854,1.13854,1.13838,1.1384
2026-07-24 19:40:00,1.13862,1.13862,1.13846,1.13849
2026-07-24 19:39:00,1.13863,1.13867,1.13854,1.13863
2026-07-24 19:38:00,1.13862,1.13866,1.13859,1.13865
2026-07-24 19:37:00,1.13862,1.13865,1.13861,1.13865
2026-07-24 19:36:00,1.13864,1.13867,1.13861,1.13861
2026-07-24 19:35:00,1.13864,1.13866,1.1386,1.13866
2026-07-24 19:34:00,1.13872,1.13872,1.1386,1.13861
2026-07-24 19:33:00,1.1387,1.13875,1.13861,1.13874
2026-07-24 19:32:00,1.13869,1.13873,1.13864,1.13872
2026-07-24 19:31:00,1.13873,1.13873,1.13865,1.13867
2026-07-24 19:30:00,1.1387,1.13875,1.13865,1.13875
2026-07-24 19:29:00,1.13857,1.13877,1.13857,1.13875
2026-07-24 19:28:00,1.13854,1.13869,1.13854,1.13866
2026-07-24 19:27:00,1.1385,1.13864,1.13846,1.1386
2026-07-24 19:26:00,1.13843,1.13854,1.13843,1.13854
2026-07-24 19:25:00,1.13841,1.13855,1.13832,1.13835
2026-07-24 19:24:00,1.13847,1.13847,1.13838,1.1384
2026-07-24 19:23:00,1.13853,1.13853,1.13839,1.13842
2026-07-24 19:22:00,1.13863,1.13863,1.13847,1.1385
2026-07-24 19:21:00,1.13861,1.13864,1.13851,1.13864
2026-07-24 19:20:00,1.13865,1.13866,1.1386,1.13861
2026-07-24 19:19:00,1.13866,1.13867,1.13859,1.13866
2026-07-24 19:18:00,1.13846,1.13872,1.13846,1.1387
2026-07-24 19:17:00,1.13849,1.13865,1.13849,1.1386
2026-07-24 19:16:00,1.13861,1.13861,1.13843,1.13845
2026-07-24 19:15:00,1.1386,1.1387,1.13847,1.13867
2026-07-24 19:14:00,1.13858,1.13864,1.13858,1.13862
2026-07-24 19:13:00,1.13857,1.1386,1.13855,1.1386
2026-07-24 19:12:00,1.13864,1.13864,1.13852,1.13853
2026-07-24 19:11:00,1.13859,1.13865,1.13854,1.13865
2026-07-24 19:10:00,1.13852,1.13864,1.13852,1.13863
2026-07-24 19:09:00,1.13846,1.13862,1.13846,1.13858
2026-07-24 19:08:00,1.13842,1.13851,1.13842,1.1385
2026-07-24 19:07:00,1.13835,1.13851,1.13835,1.13847
2026-07-24 19:06:00,1.13837,1.13839,1.13836,1.13839
2026-07-24 19:05:00,1.13845,1.13845,1.13832,1.13833
2026-07-24 19:04:00,1.13845,1.1385,1.13836,1.13849
2026-07-24 19:03:00,1.13839,1.13848,1.13839,1.13847
2026-07-24 19:02:00,1.13837,1.13846,1.13837,1.13845
2026-07-24 19:01:00,1.13836,1.13842,1.13836,1.1384
2026-07-24 19:00:00,1.13825,1.13839,1.13825,1.13838
2026-07-24 18:59:00,1.13827,1.13836,1.13825,1.13827
2026-07-24 18:58:00,1.13831,1.13831,1.13821,1.13823
2026-07-24 18:57:00,1.13834,1.13834,1.13826,1.13828
2026-07-24 18:56:00,1.13835,1.13836,1.13827,1.13829
2026-07-24 18:55:00,1.13829,1.13837,1.13829,1.13837
2026-07-24 18:54:00,1.13828,1.1384,1.1382,1.13822
2026-07-24 18:53:00,1.13824,1.13831,1.13824,1.13831
2026-07-24 18:52:00,1.13823,1.13831,1.13821,1.13823
2026-07-24 18:51:00,1.13829,1.13829,1.13819,1.13821
2026-07-24 18:50:00,1.13829,1.1383,1.13816,1.1383
2026-07-24 18:49:00,1.13839,1.13839,1.13825,1.13827
2026-07-24 18:48:00,1.13843,1.13845,1.13823,1.13829
2026-07-24 18:47:00,1.13858,1.13858,1.13836,1.13839
2026-07-24 18:46:00,1.13859,1.13868,1.13842,1.13848
2026-07-24 18:45:00,1.1386,1.13861,1.13855,1.13856
2026-07-24 18:44:00,1.13863,1.13863,1.13856,1.13863
2026-07-24 18:43:00,1.13869,1.13869,1.13854,1.13857
2026-07-24 18:42:00,1.13871,1.13871,1.13859,1.13871
2026-07-24 18:41:00,1.13866,1.13873,1.13863,1.13872
2026-07-24 18:40:00,1.13859,1.13873,1.13859,1.13871
2026-07-24 18:39:00,1.13869,1.13869,1.13854,1.13856
2026-07-24 18:38:00,1.1386,1.13874,1.13859,1.13873
2026-07-24 18:37:00,1.13861,1.13869,1.13861,1.13867
2026-07-24 18:36:00,1.13869,1.13869,1.13858,1.13859
2026-07-24 18:35:00,1.13871,1.13875,1.13859,1.13863
2026-07-24 18:34:00,1.1387,1.13872,1.13864,1.1387
2026-07-24 18:33:00,1.13869,1.13873,1.13865,1.13873
2026-07-24 18:32:00,1.13876,1.13876,1.13864,1.13865
2026-07-24 18:31:00,1.13865,1.13878,1.13861,1.13878
2026-07-24 18:30:00,1.13859,1.13876,1.13859,1.13872
2026-07-24 18:29:00,1.13859,1.13868,1.13851,1.13865
2026-07-24 18:28:00,1.13859,1.13861,1.13855,1.13861
2026-07-24 18:27:00,1.13851,1.13864,1.13851,1.13862
2026-07-24 18:26:00,1.1386,1.1386,1.13847,1.13849
2026-07-24 18:25:00,1.13858,1.13863,1.13845,1.13862
2026-07-24 18:24:00,1.13851,1.13863,1.13851,1.13862
2026-07-24 18:23:00,1.13848,1.13863,1.13842,1.13858
2026-07-24 18:22:00,1.13852,1.13852,1.13841,1.13844
2026-07-24 18:21:00,1.13856,1.13856,1.13842,1.13846
2026-07-24 18:20:00,1.13861,1.13861,1.13851,1.13853
2026-07-24 18:19:00,1.13877,1.13877,1.1385,1.13854
2026-07-24 18:18:00,1.13878,1.13878,1.1386,1.13878
2026-07-24 18:17:00,1.1388,1.13881,1.13877,1.1388
2026-07-24 18:16:00,1.1388,1.13883,1.13872,1.1388
2026-07-24 18:15:00,1.13881,1.13882,1.13876,1.13882
2026-07-24 18:14:00,1.13884,1.13885,1.13874,1.13876
2026-07-24 18:13:00,1.13887,1.13887,1.13876,1.1388
2026-07-24 18:12:00,1.13883,1.1389,1.13882,1.13889
2026-07-24 18:11:00,1.13877,1.13889,1.13877,1.13888
2026-07-24 18:10:00,1.13877,1.13885,1.13873,1.13877
2026-07-24 18:09:00,1.13872,1.1388,1.13872,1.13879
2026-07-24 18:08:00,1.1387,1.13877,1.13868,1.13876
2026-07-24 18:07:00,1.13874,1.13877,1.13865,1.13866
2026-07-24 18:06:00,1.1388,1.1388,1.13864,1.13868
2026-07-24 18:05:00,1.13882,1.13882,1.13873,1.13876
2026-07-24 18:04:00,1.13889,1.13889,1.13878,1.1388
2026-07-24 18:03:00,1.13903,1.13903,1.13881,1.13884
2026-07-24 18:02:00,1.13901,1.13908,1.13885,1.13906
2026-07-24 18:01:00,1.13903,1.13904,1.13898,1.13899
2026-07-24 18:00:00,1.13913,1.13913,1.13897,1.139
2026-07-24 17:59:00,1.1392,1.1392,1.13904,1.13908
2026-07-24 17:58:00,1.13925,1.13925,1.13911,1.13914
2026-07-24 17:57:00,1.13922,1.13928,1.13915,1.13927
2026-07-24 17:56:00,1.13916,1.13929,1.13916,1.13926
2026-07-24 17:55:00,1.13912,1.1392,1.13912,1.1392
2026-07-24 17:54:00,1.13914,1.13922,1.13903,1.13905
2026-07-24 17:53:00,1.13912,1.13917,1.13903,1.13917
2026-07-24 17:52:00,1.13918,1.13918,1.13906,1.13908
2026-07-24 17:51:00,1.13913,1.1392,1.13904,1.1392
2026-07-24 17:50:00,1.13915,1.13919,1.13908,1.13909
2026-07-24 17:49:00,1.13913,1.13916,1.13909,1.13916
2026-07-24 17:48:00,1.13912,1.13915,1.13906,1.13915
2026-07-24 17:47:00,1.13924,1.13924,1.13907,1.13909
2026-07-24 17:46:00,1.13928,1.13934,1.13907,1.13913
2026-07-24 17:45:00,1.13908,1.13937,1.13908,1.13934
2026-07-24 17:44:00,1.13908,1.13927,1.13908,1.13922
2026-07-24 17:43:00,1.13917,1.13917,1.13903,1.13904
2026-07-24 17:42:00,1.13919,1.13921,1.13907,1.13911
2026-07-24 17:41:00,1.13923,1.13923,1.13912,1.13915
2026-07-24 17:40:00,1.13933,1.13933,1.13917,1.13919
2026-07-24 17:39:00,1.13948,1.13948,1.1392,1.13925
2026-07-24 17:38:00,1.13962,1.13962,1.13929,1.13936
2026-07-24 17:37:00,1.13969,1.13971,1.13947,1.13953
2026-07-24 17:36:00,1.1397,1.13971,1.13963,1.1397
2026-07-24 17:35:00,1.13974,1.13974,1.13967,1.13969
2026-07-24 17:34:00,1.13988,1.13988,1.13963,1.13967
2026-07-24 17:33:00,1.13994,1.13996,1.13971,1.13977
2026-07-24 17:32:00,1.13986,1.14,1.1398,1.13998
2026-07-24 17:31:00,1.13987,1.13998,1.13987,1.13995
2026-07-24 17:30:00,1.13992,1.13992,1.13974,1.13979
2026-07-24 17:29:00,1.13984,1.13994,1.13983,1.13994
2026-07-24 17:28:00,1.1398,1.13992,1.1398,1.1399
2026-07-24 17:27:00,1.13969,1.13989,1.13969,1.13986
2026-07-24 17:26:00,1.13956,1.13978,1.13956,1.13976
2026-07-24 17:25:00,1.13944,1.13975,1.13935,1.13967
2026-07-24 17:24:00,1.13943,1.13951,1.13938,1.1395
2026-07-24 17:23:00,1.13929,1.13951,1.13929,1.13948
2026-07-24 17:22:00,1.13928,1.13941,1.13928,1.13938
2026-07-24 17:21:00,1.13928,1.13934,1.13924,1.13925
2026-07-24 17:20:00,1.13913,1.13932,1.13913,1.13931
2026-07-24 17:19:00,1.1392,1.13929,1.13908,1.1391
2026-07-24 17:18:00,1.13936,1.13936,1.13908,1.13913
2026-07-24 17:17:00,1.13943,1.13946,1.13913,1.13921
2026-07-24 17:16:00,1.13949,1.13949,1.13928,1.13934
2026-07-24 17:15:00,1.13953,1.13953,1.13943,1.13945
2026-07-24 17:14:00,1.13954,1.13955,1.13939,1.13954
2026-07-24 17:13:00,1.13944,1.1396,1.13944,1.13959
2026-07-24 17:12:00,1.13938,1.13959,1.13931,1.13953
2026-07-24 17:11:00,1.13927,1.13945,1.13927,1.13943
2026-07-24 17:10:00,1.13904,1.13941,1.13904,1.13936
2026-07-24 17:09:00,1.13896,1.13928,1.13896,1.13921
2026-07-24 17:08:00,1.13894,1.13906,1.13894,1.13903
2026-07-24 17:07:00,1.1389,1.139,1.13887,1.13898
2026-07-24 17:06:00,1.1389,1.13892,1.13887,1.13892
2026-07-24 17:05:00,1.13878,1.13895,1.13878,1.13893
2026-07-24 17:04:00,1.13876,1.13888,1.13876,1.13886
2026-07-24 17:03:00,1.13876,1.13885,1.13869,1.13871
2026-07-24 17:02:00,1.13873,1.13878,1.13867,1.13878
2026-07-24 17:01:00,1.13861,1.1388,1.13861,1.13877
2026-07-24 17:00:00,1.13853,1.13873,1.13853,1.1387
2026-07-24 16:59:00,1.13852,1.13864,1.13851,1.13852
2026-07-24 16:58:00,1.13854,1.13855,1.13842,1.13846
2026-07-24 16:57:00,1.13845,1.13859,1.13845,1.13858
2026-07-24 16:56:00,1.13851,1.13858,1.13836,1.13839
2026-07-24 16:55:00,1.13847,1.13857,1.13837,1.13856
2026-07-24 16:54:00,1.13839,1.13855,1.13839,1.13851
2026-07-24 16:53:00,1.13846,1.13846,1.13837,1.13839
2026-07-24 16:52:00,1.13849,1.13849,1.13836,1.1384
2026-07-24 16:51:00,1.13846,1.13851,1.13845,1.13851
2026-07-24 16:50:00,1.13849,1.13852,1.13841,1.13842
2026-07-24 16:49:00,1.1385,1.1385,1.13839,1.1385
2026-07-24 16:48:00,1.13854,1.13854,1.13846,1.13848
2026-07-24 16:47:00,1.13845,1.13859,1.13845,1.13858
2026-07-24 16:46:00,1.13844,1.13854,1.13844,1.13852
2026-07-24 16:45:00,1.13859,1.13859,1.13838,1.1384
2026-07-24 16:44:00,1.13854,1.1387,1.13842,1.13866
2026-07-24 16:43:00,1.13849,1.13861,1.13849,1.13858
2026-07-24 16:42:00,1.13855,1.13855,1.13846,1.13848
2026-07-24 16:41:00,1.13863,1.13863,1.13846,1.1385
2026-07-24 16:40:00,1.13864,1.13865,1.13851,1.13864
2026-07-24 16:39:00,1.1386,1.13865,1.13859,1.13865
2026-07-24 16:38:00,1.13862,1.13867,1.13859,1.1386
2026-07-24 16:37:00,1.13861,1.13863,1.13852,1.13863
2026-07-24 16:36:00,1.13859,1.13866,1.13854,1.13864
2026-07-24 16:35:00,1.13854,1.13861,1.13854,1.13861
2026-07-24 16:34:00,1.13849,1.13864,1.13845,1.1386
2026-07-24 16:33:00,1.13857,1.13857,1.13841,1.13845
2026-07-24 16:32:00,1.13859,1.13859,1.13842,1.13848
2026-07-24 16:31:00,1.13855,1.13861,1.13851,1.13861
2026-07-24 16:30:00,1.13853,1.13862,1.13851,1.1386
2026-07-24 16:29:00,1.1386,1.1386,1.13846,1.13849
2026-07-24 16:28:00,1.13855,1.13861,1.13847,1.13861
2026-07-24 16:27:00,1.13854,1.13863,1.13852,1.1386
2026-07-24 16:26:00,1.13853,1.13856,1.1385,1.13856
2026-07-24 16:25:00,1.13849,1.13859,1.13849,1.13857
2026-07-24 16:24:00,1.13843,1.13854,1.13843,1.13853
2026-07-24 16:23:00,1.1384,1.13855,1.13833,1.1385
2026-07-24 16:22:00,1.13839,1.13843,1.13834,1.13843
2026-07-24 16:21:00,1.13832,1.13845,1.13832,1.13843
2026-07-24 16:20:00,1.13822,1.13839,1.13822,1.13838
2026-07-24 16:19:00,1.13815,1.13835,1.13815,1.1383
2026-07-24 16:18:00,1.1381,1.13823,1.1381,1.13821
2026-07-24 16:17:00,1.13805,1.13816,1.13805,1.13814
2026-07-24 16:16:00,1.13792,1.13814,1.13792,1.1381
2026-07-24 16:15:00,1.13788,1.13803,1.13788,1.13801
2026-07-24 16:14:00,1.13787,1.13799,1.13778,1.13781
2026-07-24 16:13:00,1.13789,1.13789,1.13784,1.13789
2026-07-24 16:12:00,1.13793,1.13793,1.13782,1.13784
2026-07-24 16:11:00,1.1379,1.13795,1.13789,1.13795
2026-07-24 16:10:00,1.13786,1.13796,1.13786,1.13794
2026-07-24 16:09:00,1.13787,1.1379,1.13786,1.13789
2026-07-24 16:08:00,1.13788,1.13788,1.13781,1.13783
2026-07-24 16:07:00,1.13783,1.1379,1.13783,1.1379
2026-07-24 16:06:00,1.13781,1.13788,1.13781,1.13787
2026-07-24 16:05:00,1.13786,1.13788,1.13779,1.13779
2026-07-24 16:04:00,1.13784,1.13791,1.13777,1.1379
2026-07-24 16:03:00,1.13791,1.13791,1.1378,1.13781
2026-07-24 16:02:00,1.13786,1.13797,1.13779,1.13795
2026-07-24 16:01:00,1.13778,1.13794,1.13778,1.1379
2026-07-24 16:00:00,1.13781,1.13785,1.13775,1.13781
2026-07-24 15:59:00,1.13778,1.13782,1.13775,1.13782
2026-07-24 15:58:00,1.13779,1.13783,1.13775,1.13779
2026-07-24 15:57:00,1.13781,1.13781,1.13776,1.13777
2026-07-24 15:56:00,1.13787,1.13787,1.13771,1.13775
2026-07-24 15:55:00,1.13784,1.13792,1.1378,1.13791
2026-07-24 15:54:00,1.13792,1.13792,1.13779,1.1378
2026-07-24 15:53:00,1.138,1.138,1.13781,1.13785
2026-07-24 15:52:00,1.13809,1.13809,1.13793,1.13796
2026-07-24 15:51:00,1.1381,1.13812,1.13799,1.1381
2026-07-24 15:50:00,1.13812,1.13812,1.13804,1.13806
2026-07-24 15:49:00,1.13808,1.13815,1.13808,1.13814
2026-07-24 15:48:00,1.13804,1.13813,1.13804,1.13811
2026-07-24 15:47:00,1.13807,1.1381,1.13803,1.13804
2026-07-24 15:46:00,1.13813,1.13813,1.13803,1.13805
2026-07-24 15:45:00,1.13815,1.13815,1.13806,1.13809
2026-07-24 15:44:00,1.1382,1.1382,1.13812,1.13814
2026-07-24 15:43:00,1.1382,1.13821,1.13816,1.13821
2026-07-24 15:42:00,1.1382,1.13823,1.1382,1.13823
2026-07-24 15:41:00,1.13822,1.13825,1.1382,1.1382
2026-07-24 15:40:00,1.1382,1.13824,1.1382,1.13824
2026-07-24 15:39:00,1.13815,1.13824,1.13815,1.13823
2026-07-24 15:38:00,1.13823,1.13823,1.13811,1.13813
2026-07-24 15:37:00,1.13823,1.13826,1.13815,1.13825
2026-07-24 15:36:00,1.13822,1.13827,1.13819,1.13826
2026-07-24 15:35:00,1.13823,1.13824,1.13819,1.13824
2026-07-24 15:34:00,1.1383,1.1383,1.13819,1.1382
2026-07-24 15:33:00,1.13827,1.13835,1.13817,1.13834
2026-07-24 15:32:00,1.1382,1.13834,1.1382,1.13831
2026-07-24 15:31:00,1.13821,1.13826,1.13821,1.13825
2026-07-24 15:30:00,1.1382,1.13825,1.13816,1.1382
2026-07-24 15:29:00,1.13823,1.13823,1.13815,1.13817
2026-07-24 15:28:00,1.13822,1.13823,1.13817,1.13823
2026-07-24 15:27:00,1.13822,1.13825,1.13822,1.13824
2026-07-24 15:26:00,1.13821,1.13825,1.13821,1.13824
2026-07-24 15:25:00,1.13819,1.13826,1.13816,1.13824
2026-07-24 15:24:00,1.1382,1.13821,1.13819,1.13821
2026-07-24 15:23:00,1.13821,1.13824,1.13815,1.13816
2026-07-24 15:22:00,1.13817,1.13824,1.13817,1.13824
2026-07-24 15:21:00,1.13813,1.13825,1.1381,1.13821
2026-07-24 15:20:00,1.13813,1.13816,1.13813,1.13816
2026-07-24 15:19:00,1.13809,1.13816,1.13809,1.13815
2026-07-24 15:18:00,1.13805,1.13815,1.13805,1.13814
2026-07-24 15:17:00,1.13805,1.13811,1.13804,1.13809
2026-07-24 15:16:00,1.13803,1.13808,1.13803,1.13807
2026-07-24 15:15:00,1.13802,1.13805,1.13802,1.13805
2026-07-24 15:14:00,1.13806,1.13808,1.13801,1.13801
2026-07-24 15:13:00,1.13808,1.13809,1.138,1.13808
2026-07-24 15:12:00,1.13808,1.1381,1.13804,1.13808
2026-07-24 15:11:00,1.13804,1.13811,1.13804,1.13811
2026-07-24 15:10:00,1.13804,1.13812,1.138,1.13801
2026-07-24 15:09:00,1.13802,1.13807,1.13802,1.13807
2026-07-24 15:08:00,1.13801,1.13806,1.13801,1.13805
2026-07-24 15:07:00,1.138,1.13804,1.138,1.13803
2026-07-24 15:06:00,1.13797,1.13803,1.13797,1.13802
2026-07-24 15:05:00,1.13794,1.13804,1.13794,1.13802
2026-07-24 15:04:00,1.13793,1.13799,1.13793,1.13798
2026-07-24 15:03:00,1.13791,1.13799,1.1379,1.13797
2026-07-24 15:02:00,1.13794,1.13794,1.13789,1.1379
2026-07-24 15:01:00,1.1379,1.13797,1.1379,1.13796
2026-07-24 15:00:00,1.13786,1.13798,1.13786,1.13796
2026-07-24 14:59:00,1.13782,1.13794,1.13782,1.13791
2026-07-24 14:58:00,1.1378,1.13786,1.1378,1.13785
2026-07-24 14:57:00,1.13777,1.13785,1.13777,1.13784
2026-07-24 14:56:00,1.13776,1.13783,1.13776,1.13781
2026-07-24 14:55:00,1.13773,1.13778,1.13773,1.13778
2026-07-24 14:54:00,1.13771,1.13781,1.1377,1.13778
2026-07-24 14:53:00,1.13771,1.13776,1.13771,1.13775
2026-07-24 14:52:00,1.13773,1.13777,1.1377,1.1377
2026-07-24 14:51:00,1.13774,1.13775,1.13769,1.13775
2026-07-24 14:50:00,1.13777,1.13777,1.13772,1.13772
2026-07-24 14:49:00,1.13781,1.13781,1.13774,1.13776
2026-07-24 14:48:00,1.13785,1.13785,1.13777,1.13778
2026-07-24 14:47:00,1.13782,1.13786,1.13777,1.13786
2026-07-24 14:46:00,1.13783,1.13785,1.13781,1.13783
2026-07-24 14:45:00,1.13786,1.13786,1.1378,1.13781
2026-07-24 14:44:00,1.13786,1.13788,1.13782,1.13788
2026-07-24 14:43:00,1.13796,1.13796,1.13782,1.13783
2026-07-24 14:42:00,1.13802,1.13805,1.13784,1.13789
2026-07-24 14:41:00,1.13803,1.13804,1.13795,1.13803
2026-07-24 14:40:00,1.13802,1.13806,1.13802,1.13806
2026-07-24 14:39:00,1.13807,1.13807,1.13799,1.138
2026-07-24 14:38:00,1.13808,1.13809,1.13802,1.13809
2026-07-24 14:37:00,1.13807,1.1381,1.13801,1.1381
2026-07-24 14:36:00,1.13802,1.13811,1.13802,1.1381
2026-07-24 14:35:00,1.13805,1.13806,1.13802,1.13803
2026-07-24 14:34:00,1.13807,1.13807,1.13802,1.13803
2026-07-24 14:33:00,1.13811,1.13811,1.13802,1.13804
2026-07-24 14:32:00,1.13811,1.13812,1.13807,1.13811
2026-07-24 14:31:00,1.13812,1.13814,1.13807,1.13814
2026-07-24 14:30:00,1.13812,1.13815,1.13807,1.13812
2026-07-24 14:29:00,1.13811,1.13814,1.13811,1.13814
2026-07-24 14:28:00,1.13811,1.13815,1.13811,1.13811
2026-07-24 14:27:00,1.13813,1.13815,1.13811,1.13811
2026-07-24 14:26:00,1.13822,1.13822,1.1381,1.13811
2026-07-24 14:25:00,1.13825,1.13825,1.13811,1.13815
2026-07-24 14:24:00,1.13828,1.13828,1.13822,1.13823
2026-07-24 14:23:00,1.13832,1.13832,1.13825,1.13826
2026-07-24 14:22:00,1.13831,1.13835,1.13827,1.13835
2026-07-24 14:21:00,1.13829,1.13837,1.13829,1.13835
2026-07-24 14:20:00,1.13833,1.13833,1.13828,1.13829
2026-07-24 14:19:00,1.13841,1.13841,1.13828,1.1383
2026-07-24 14:18:00,1.13835,1.13843,1.13833,1.13843
2026-07-24 14:17:00,1.13834,1.13843,1.13834,1.1384
2026-07-24 14:16:00,1.13834,1.13837,1.13834,1.13836
2026-07-24 14:15:00,1.13831,1.13836,1.13831,1.13836
2026-07-24 14:14:00,1.13826,1.13838,1.13826,1.13835
2026-07-24 14:13:00,1.13831,1.13831,1.13824,1.13826
2026-07-24 14:12:00,1.13835,1.13835,1.13827,1.13828
2026-07-24 14:11:00,1.13832,1.13837,1.1383,1.13837
2026-07-24 14:10:00,1.13829,1.13839,1.13829,1.13836
2026-07-24 14:09:00,1.13829,1.13832,1.13825,1.13832
2026-07-24 14:08:00,1.13832,1.13833,1.13825,1.13826
2026-07-24 14:07:00,1.1383,1.13833,1.13825,1.13833
2026-07-24 14:06:00,1.1383,1.13833,1.13829,1.13832
2026-07-24 14:05:00,1.13829,1.13833,1.13829,1.13832
2026-07-24 14:04:00,1.1383,1.13831,1.13827,1.13831
2026-07-24 14:03:00,1.13827,1.13834,1.13827,1.13832
2026-07-24 14:02:00,1.13825,1.1383,1.13825,1.1383
2026-07-24 14:01:00,1.13822,1.13832,1.13822,1.13829
2026-07-24 14:00:00,1.13816,1.13827,1.13816,1.13826
2026-07-24 13:59:00,1.13813,1.13827,1.13809,1.13822
2026-07-24 13:58:00,1.13812,1.13815,1.13812,1.13815
2026-07-24 13:57:00,1.13816,1.13816,1.13808,1.13809
2026-07-24 13:56:00,1.13823,1.13823,1.13811,1.13813
2026-07-24 13:55:00,1.13821,1.13826,1.13816,1.13825
2026-07-24 13:54:00,1.1382,1.13827,1.13819,1.13825
2026-07-24 13:53:00,1.13819,1.13822,1.13819,1.13822
2026-07-24 13:52:00,1.13813,1.13825,1.13813,1.13823
2026-07-24 13:51:00,1.13812,1.13819,1.13812,1.13818
2026-07-24 13:50:00,1.13814,1.13819,1.13808,1.13809
2026-07-24 13:49:00,1.13818,1.13818,1.1381,1.13812
2026-07-24 13:48:00,1.13818,1.1382,1.13815,1.1382
2026-07-24 13:47:00,1.1382,1.1382,1.13817,1.1382
2026-07-24 13:46:00,1.13821,1.13821,1.13819,1.13821
2026-07-24 13:45:00,1.13823,1.13823,1.1382,1.13821
2026-07-24 13:44:00,1.13822,1.13824,1.1382,1.13824
2026-07-24 13:43:00,1.13821,1.13827,1.13821,1.13825
2026-07-24 13:42:00,1.13818,1.13824,1.13818,1.13824
2026-07-24 13:41:00,1.13819,1.13826,1.13813,1.13814
2026-07-24 13:40:00,1.13817,1.13821,1.13815,1.13821
2026-07-24 13:39:00,1.13818,1.13823,1.13814,1.13815
2026-07-24 13:38:00,1.13821,1.13821,1.13814,1.13816
2026-07-24 13:37:00,1.13819,1.13824,1.13815,1.13823
2026-07-24 13:36:00,1.13812,1.13824,1.13812,1.13823
2026-07-24 13:35:00,1.13811,1.1382,1.13811,1.13818
2026-07-24 13:34:00,1.13814,1.13816,1.1381,1.1381
2026-07-24 13:33:00,1.13812,1.13816,1.13808,1.13816
2026-07-24 13:32:00,1.13799,1.13819,1.13799,1.13816
2026-07-24 13:31:00,1.13793,1.13812,1.13793,1.13809
2026-07-24 13:30:00,1.13793,1.13806,1.13781,1.13784
2026-07-24 13:29:00,1.13794,1.13795,1.1379,1.13795
2026-07-24 13:28:00,1.1379,1.13797,1.1379,1.13796
2026-07-24 13:27:00,1.13785,1.13795,1.13785,1.13794
2026-07-24 13:26:00,1.13783,1.13792,1.13783,1.1379
2026-07-24 13:25:00,1.13787,1.13787,1.13781,1.13782
2026-07-24 13:24:00,1.1379,1.1379,1.13783,1.13785
2026-07-24 13:23:00,1.13786,1.13792,1.13786,1.13791
2026-07-24 13:22:00,1.13784,1.13792,1.13784,1.13791
2026-07-24 13:21:00,1.13791,1.13792,1.13779,1.1378
2026-07-24 13:20:00,1.13793,1.13797,1.13781,1.13785
2026-07-24 13:19:00,1.1379,1.13795,1.1379,1.13794
2026-07-24 13:18:00,1.13791,1.13797,1.1379,1.13796
2026-07-24 13:17:00,1.13788,1.13794,1.13788,1.13793
2026-07-24 13:16:00,1.13786,1.13794,1.13786,1.13793
2026-07-24 13:15:00,1.13787,1.1379,1.13785,1.13787
2026-07-24 13:14:00,1.13786,1.1379,1.13786,1.13789
2026-07-24 13:13:00,1.13783,1.13789,1.13783,1.13789
2026-07-24 13:12:00,1.13792,1.13792,1.1378,1.13781
2026-07-24 13:11:00,1.138,1.138,1.13781,1.13785
2026-07-24 13:10:00,1.13805,1.13805,1.13786,1.13791
2026-07-24 13:09:00,1.13807,1.13807,1.13799,1.13807
2026-07-24 13:08:00,1.13805,1.1381,1.13803,1.13809
2026-07-24 13:07:00,1.13807,1.1381,1.13804,1.13807
2026-07-24 13:06:00,1.13805,1.13808,1.13805,1.13808
2026-07-24 13:05:00,1.13806,1.1381,1.13804,1.13806
2026-07-24 13:04:00,1.13807,1.13807,1.13804,1.13807
2026-07-24 13:03:00,1.13815,1.13815,1.13806,1.13806
2026-07-24 13:02:00,1.13812,1.1382,1.13806,1.13819
2026-07-24 13:01:00,1.13822,1.13822,1.13808,1.13809
2026-07-24 13:00:00,1.13826,1.13829,1.1381,1.13815
2026-07-24 12:59:00,1.13824,1.13828,1.13819,1.13827
2026-07-24 12:58:00,1.13827,1.13829,1.13824,1.13827
2026-07-24 12:57:00,1.13823,1.13829,1.13823,1.13828
2026-07-24 12:56:00,1.13823,1.13828,1.13823,1.13827
2026-07-24 12:55:00,1.13823,1.13824,1.13823,1.13824
2026-07-24 12:54:00,1.13825,1.13828,1.13821,1.13822
2026-07-24 12:53:00,1.13831,1.13831,1.13822,1.13824
2026-07-24 12:52:00,1.13829,1.13832,1.13827,1.13832
2026-07-24 12:51:00,1.13828,1.13833,1.13828,1.13833
2026-07-24 12:50:00,1.13838,1.13838,1.13824,1.13825
2026-07-24 12:49:00,1.13846,1.13846,1.13827,1.13831
2026-07-24 12:48:00,1.1385,1.1385,1.13838,1.13841
2026-07-24 12:47:00,1.13851,1.13852,1.13845,1.13852
2026-07-24 12:46:00,1.13852,1.13852,1.1385,1.1385
2026-07-24 12:45:00,1.13851,1.13853,1.13849,1.13853
2026-07-24 12:44:00,1.13852,1.13853,1.1385,1.13852
2026-07-24 12:43:00,1.13856,1.13856,1.1385,1.13851
2026-07-24 12:42:00,1.13854,1.13858,1.13851,1.13858
2026-07-24 12:41:00,1.13858,1.1386,1.13852,1.13853
2026-07-24 12:40:00,1.13863,1.13863,1.13851,1.13854
2026-07-24 12:39:00,1.13864,1.13864,1.13852,1.13856
2026-07-24 12:38:00,1.13867,1.13867,1.13859,1.13861
2026-07-24 12:37:00,1.13867,1.13868,1.13864,1.13868
2026-07-24 12:36:00,1.13871,1.13871,1.13863,1.13865
2026-07-24 12:35:00,1.13871,1.13871,1.13863,1.13871
2026-07-24 12:34:00,1.13874,1.13874,1.13863,1.13866
2026-07-24 12:33:00,1.1387,1.13876,1.13868,1.13876
2026-07-24 12:32:00,1.13851,1.13878,1.13851,1.13875
2026-07-24 12:31:00,1.13846,1.13869,1.13846,1.13864
2026-07-24 12:30:00,1.13848,1.13858,1.13833,1.13837
2026-07-24 12:29:00,1.13844,1.1385,1.13842,1.1385
2026-07-24 12:28:00,1.1384,1.13851,1.1384,1.13848
2026-07-24 12:27:00,1.13842,1.13843,1.13839,1.13843
2026-07-24 12:26:00,1.13841,1.13843,1.13841,1.13843
2026-07-24 12:25:00,1.13842,1.13845,1.13841,1.13844
2026-07-24 12:24:00,1.1385,1.1385,1.13838,1.1384
2026-07-24 12:23:00,1.13857,1.13857,1.13841,1.13844
2026-07-24 12:22:00,1.1385,1.13862,1.13849,1.13861
2026-07-24 12:21:00,1.13841,1.13861,1.13841,1.13857
2026-07-24 12:20:00,1.13844,1.13847,1.13841,1.13846
2026-07-24 12:19:00,1.13842,1.13851,1.13842,1.13848
2026-07-24 12:18:00,1.13847,1.13847,1.13839,1.13841
2026-07-24 12:17:00,1.13852,1.13852,1.13839,1.13842
2026-07-24 12:16:00,1.13846,1.13853,1.13846,1.13853
2026-07-24 12:15:00,1.13843,1.13853,1.13843,1.13851
2026-07-24 12:14:00,1.13838,1.13849,1.13838,1.13847
2026-07-24 12:13:00,1.13838,1.13845,1.13838,1.13843
2026-07-24 12:12:00,1.13837,1.13843,1.13836,1.13841
2026-07-24 12:11:00,1.13838,1.1384,1.13837,1.1384
2026-07-24 12:10:00,1.13841,1.13843,1.13834,1.13835
2026-07-24 12:09:00,1.13842,1.13843,1.13837,1.13843
2026-07-24 12:08:00,1.13839,1.13845,1.13839,1.13844
2026-07-24 12:07:00,1.13841,1.13842,1.13838,1.13842
2026-07-24 12:06:00,1.13845,1.13845,1.13838,1.13839
2026-07-24 12:05:00,1.1384,1.13847,1.1384,1.13847
2026-07-24 12:04:00,1.1384,1.1385,1.13839,1.1384
2026-07-24 12:03:00,1.13846,1.13846,1.13837,1.13838
2026-07-24 12:02:00,1.13845,1.1385,1.13839,1.13849
2026-07-24 12:01:00,1.1384,1.1385,1.1384,1.13848
2026-07-24 12:00:00,1.13841,1.13845,1.13838,1.13844
2026-07-24 11:59:00,1.13843,1.13846,1.13837,1.13838
2026-07-24 11:58:00,1.13849,1.13849,1.13839,1.13841
2026-07-24 11:57:00,1.13865,1.13865,1.13843,1.13845
2026-07-24 11:56:00,1.13865,1.13868,1.13847,1.13865
2026-07-24 11:55:00,1.13865,1.13866,1.13861,1.13866
2026-07-24 11:54:00,1.13862,1.13868,1.13856,1.13867
2026-07-24 11:53:00,1.1386,1.13865,1.1386,1.13864
2026-07-24 11:52:00,1.13867,1.13867,1.13856,1.13857
2026-07-24 11:51:00,1.13867,1.13873,1.13854,1.13871
2026-07-24 11:50:00,1.13861,1.13871,1.13861,1.1387
2026-07-24 11:49:00,1.13861,1.13866,1.13859,1.13866
2026-07-24 11:48:00,1.13861,1.13867,1.13856,1.13857
2026-07-24 11:47:00,1.1386,1.13863,1.13856,1.13863
2026-07-24 11:46:00,1.13861,1.13864,1.13856,1.13857
2026-07-24 11:45:00,1.13861,1.13862,1.13856,1.13862
2026-07-24 11:44:00,1.13861,1.13862,1.13856,1.13862
2026-07-24 11:43:00,1.13856,1.13864,1.13856,1.13863
2026-07-24 11:42:00,1.13854,1.1386,1.13851,1.13859
2026-07-24 11:41:00,1.13856,1.13861,1.13849,1.1385
2026-07-24 11:40:00,1.13854,1.13858,1.13845,1.13858
2026-07-24 11:39:00,1.1385,1.1386,1.1385,1.13858
2026-07-24 11:38:00,1.13848,1.13853,1.13847,1.13853
2026-07-24 11:37:00,1.13843,1.13855,1.13843,1.13852
2026-07-24 11:36:00,1.13842,1.13847,1.13839,1.13847
2026-07-24 11:35:00,1.13829,1.13847,1.13829,1.13845
2026-07-24 11:34:00,1.13823,1.13844,1.13823,1.13839
2026-07-24 11:33:00,1.13824,1.1383,1.13823,1.13824
2026-07-24 11:32:00,1.13822,1.13827,1.13822,1.13826
2026-07-24 11:31:00,1.13827,1.13827,1.1382,1.13821
2026-07-24 11:30:00,1.13836,1.13836,1.13823,1.13824
2026-07-24 11:29:00,1.13835,1.13842,1.13825,1.1384
2026-07-24 11:28:00,1.13844,1.13844,1.1383,1.13831
2026-07-24 11:27:00,1.13854,1.13854,1.1383,1.13835
2026-07-24 11:26:00,1.13857,1.13857,1.13839,1.13845
2026-07-24 11:25:00,1.13853,1.13858,1.13852,1.13858
2026-07-24 11:24:00,1.13851,1.13858,1.1385,1.13856
2026-07-24 11:23:00,1.13853,1.13856,1.13847,1.13849
2026-07-24 11:22:00,1.13852,1.13855,1.1385,1.13855
2026-07-24 11:21:00,1.1385,1.13858,1.13849,1.13856
2026-07-24 11:20:00,1.13843,1.13855,1.13843,1.13854
2026-07-24 11:19:00,1.13839,1.13855,1.13832,1.1385
2026-07-24 11:18:00,1.13838,1.13842,1.13836,1.13842
2026-07-24 11:17:00,1.13841,1.13843,1.13834,1.13835
2026-07-24 11:16:00,1.1384,1.13843,1.13832,1.13843
2026-07-24 11:15:00,1.13839,1.13843,1.13836,1.13842
2026-07-24 11:14:00,1.13833,1.13842,1.13833,1.13842
2026-07-24 11:13:00,1.13831,1.1384,1.13831,1.13838
2026-07-24 11:12:00,1.13834,1.13837,1.13829,1.1383
2026-07-24 11:11:00,1.13837,1.13837,1.13829,1.13831
2026-07-24 11:10:00,1.13833,1.13838,1.13828,1.13838
2026-07-24 11:09:00,1.13833,1.13836,1.13829,1.13836
2026-07-24 11:08:00,1.13835,1.13839,1.13825,1.13827
2026-07-24 11:07:00,1.1384,1.1384,1.1383,1.13832
2026-07-24 11:06:00,1.13844,1.13844,1.13833,1.13836
2026-07-24 11:05:00,1.13847,1.13847,1.13838,1.13841
2026-07-24 11:04:00,1.13855,1.13855,1.13842,1.13844
2026-07-24 11:03:00,1.13858,1.13858,1.13842,1.13847
2026-07-24 11:02:00,1.13849,1.13863,1.13849,1.13862
2026-07-24 11:01:00,1.1383,1.13862,1.1383,1.13857
2026-07-24 11:00:00,1.13824,1.13846,1.13824,1.13842
2026-07-24 10:59:00,1.13805,1.13837,1.13805,1.13832
2026-07-24 10:58:00,1.13806,1.13821,1.13806,1.13817
2026-07-24 10:57:00,1.13788,1.13813,1.13788,1.1381
2026-07-24 10:56:00,1.13785,1.13805,1.13785,1.13801
2026-07-24 10:55:00,1.13788,1.13793,1.13783,1.13784
2026-07-24 10:54:00,1.13786,1.13789,1.13782,1.13789
2026-07-24 10:53:00,1.13784,1.13789,1.13784,1.13788
2026-07-24 10:52:00,1.13781,1.1379,1.13781,1.13788
2026-07-24 10:51:00,1.13782,1.13785,1.13781,1.13784
2026-07-24 10:50:00,1.13781,1.13786,1.13779,1.13781
2026-07-24 10:49:00,1.13778,1.13783,1.13778,1.13783
2026-07-24 10:48:00,1.1377,1.13786,1.1377,1.13783
2026-07-24 10:47:00,1.13772,1.13776,1.13771,1.13775
2026-07-24 10:46:00,1.13776,1.13776,1.13768,1.13769
2026-07-24 10:45:00,1.13779,1.13779,1.13772,1.13774
2026-07-24 10:44:00,1.13779,1.13779,1.13775,1.13779
2026-07-24 10:43:00,1.13779,1.13781,1.13775,1.13781
2026-07-24 10:42:00,1.1378,1.13781,1.13773,1.13781
2026-07-24 10:41:00,1.13787,1.13787,1.13776,1.13777
2026-07-24 10:40:00,1.13787,1.13793,1.13777,1.13791
2026-07-24 10:39:00,1.13794,1.13794,1.13784,1.13785
2026-07-24 10:38:00,1.1379,1.13798,1.13786,1.13797
2026-07-24 10:37:00,1.13788,1.13797,1.13787,1.13794
2026-07-24 10:36:00,1.13792,1.13792,1.13784,1.13786
2026-07-24 10:35:00,1.13796,1.13796,1.13785,1.13787
2026-07-24 10:34:00,1.13796,1.13797,1.13792,1.13797
2026-07-24 10:33:00,1.13794,1.13797,1.13794,1.13797
2026-07-24 10:32:00,1.13795,1.13799,1.13793,1.13795
2026-07-24 10:31:00,1.13797,1.13797,1.13793,1.13797
2026-07-24 10:30:00,1.13794,1.138,1.13793,1.13799
2026-07-24 10:29:00,1.13793,1.13797,1.13793,1.13797
2026-07-24 10:28:00,1.138,1.138,1.1379,1.13791
2026-07-24 10:27:00,1.138,1.13805,1.1379,1.13804
2026-07-24 10:26:00,1.13802,1.13803,1.13793,1.13795
2026-07-24 10:25:00,1.13797,1.13804,1.13793,1.13804
2026-07-24 10:24:00,1.13791,1.13804,1.13791,1.13801
2026-07-24 10:23:00,1.13791,1.13798,1.1379,1.13796
2026-07-24 10:22:00,1.13789,1.13792,1.13789,1.13792
2026-07-24 10:21:00,1.13789,1.13795,1.13788,1.13789
2026-07-24 10:20:00,1.13789,1.13791,1.13786,1.13791
2026-07-24 10:19:00,1.13791,1.13794,1.13785,1.13786
2026-07-24 10:18:00,1.1379,1.13794,1.13784,1.13794
2026-07-24 10:17:00,1.13793,1.13796,1.13789,1.13789
2026-07-24 10:16:00,1.13794,1.13795,1.13788,1.13795
2026-07-24 10:15:00,1.13801,1.13801,1.13789,1.13791
2026-07-24 10:14:00,1.13799,1.13802,1.13792,1.13802
2026-07-24 10:13:00,1.138,1.13802,1.13795,1.13796
2026-07-24 10:12:00,1.138,1.13802,1.13792,1.13802
2026-07-24 10:11:00,1.13801,1.13801,1.13795,1.13801
2026-07-24 10:10:00,1.13797,1.13805,1.13797,1.13803
2026-07-24 10:09:00,1.13789,1.13801,1.13789,1.13801
2026-07-24 10:08:00,1.13774,1.13802,1.13774,1.13796
2026-07-24 10:07:00,1.13772,1.13786,1.13772,1.13784
2026-07-24 10:06:00,1.13781,1.13781,1.13765,1.13767
2026-07-24 10:05:00,1.13774,1.13785,1.13767,1.13784
2026-07-24 10:04:00,1.13761,1.13786,1.13761,1.13782
2026-07-24 10:03:00,1.13761,1.13776,1.13758,1.13771
2026-07-24 10:02:00,1.13765,1.13765,1.13758,1.13759
2026-07-24 10:01:00,1.1377,1.1377,1.13759,1.13761
2026-07-24 10:00:00,1.13771,1.13774,1.13759,1.13773
2026-07-24 09:59:00,1.13768,1.13775,1.13767,1.13774
2026-07-24 09:58:00,1.13764,1.13772,1.13764,1.13772
2026-07-24 09:57:00,1.1376,1.13774,1.13756,1.1377
2026-07-24 09:56:00,1.13762,1.13764,1.1376,1.13764
2026-07-24 09:55:00,1.13768,1.13768,1.13758,1.13759
2026-07-24 09:54:00,1.13775,1.13775,1.13762,1.13764
2026-07-24 09:53:00,1.13777,1.13777,1.13764,1.13768
2026-07-24 09:52:00,1.13781,1.13781,1.13773,1.13775
2026-07-24 09:51:00,1.13784,1.13784,1.13772,1.13776
2026-07-24 09:50:00,1.13781,1.13785,1.13776,1.13785
2026-07-24 09:49:00,1.13783,1.13784,1.13779,1.13784
2026-07-24 09:48:00,1.1379,1.1379,1.1378,1.13781
2026-07-24 09:47:00,1.13784,1.13794,1.1378,1.13793
2026-07-24 09:46:00,1.13773,1.13793,1.13773,1.13789
2026-07-24 09:45:00,1.13773,1.13782,1.13773,1.1378
2026-07-24 09:44:00,1.1377,1.13778,1.1377,1.13776
2026-07-24 09:43:00,1.1377,1.13775,1.1377,1.13774
2026-07-24 09:42:00,1.1378,1.1378,1.13763,1.13766
2026-07-24 09:41:00,1.13793,1.13793,1.13763,1.13769
2026-07-24 09:40:00,1.1379,1.13801,1.13777,1.13798
2026-07-24 09:39:00,1.13788,1.13796,1.13788,1.13794
2026-07-24 09:38:00,1.13792,1.13792,1.13786,1.13788
2026-07-24 09:37:00,1.13791,1.13794,1.13788,1.13793
2026-07-24 09:36:00,1.13794,1.13794,1.13789,1.13794
2026-07-24 09:35:00,1.13792,1.13797,1.1379,1.13796
2026-07-24 09:34:00,1.13793,1.13797,1.13792,1.13796
2026-07-24 09:33:00,1.13792,1.13794,1.13789,1.13794
2026-07-24 09:32:00,1.13792,1.13796,1.13789,1.13795
2026-07-24 09:31:00,1.13792,1.13793,1.13792,1.13793
2026-07-24 09:30:00,1.13791,1.13796,1.13789,1.13795
2026-07-24 09:29:00,1.13793,1.13794,1.1379,1.13794
2026-07-24 09:28:00,1.13791,1.13797,1.13791,1.13795
2026-07-24 09:27:00,1.13791,1.13794,1.13789,1.13794
2026-07-24 09:26:00,1.1379,1.13796,1.1379,1.1379
2026-07-24 09:25:00,1.13789,1.13792,1.13789,1.13792
2026-07-24 09:24:00,1.13793,1.13793,1.13788,1.13788
2026-07-24 09:23:00,1.13796,1.13796,1.1379,1.13791
2026-07-24 09:22:00,1.13793,1.13798,1.13792,1.13798
2026-07-24 09:21:00,1.1379,1.138,1.1379,1.13798
2026-07-24 09:20:00,1.13791,1.13792,1.1379,1.13792
2026-07-24 09:19:00,1.13791,1.13795,1.1379,1.1379
2026-07-24 09:18:00,1.1379,1.13793,1.13788,1.13793
2026-07-24 09:17:00,1.1379,1.13796,1.13789,1.13789
2026-07-24 09:16:00,1.13793,1.13793,1.13788,1.13789
2026-07-24 09:15:00,1.13791,1.13795,1.1379,1.13794
2026-07-24 09:14:00,1.13794,1.13795,1.13789,1.1379
2026-07-24 09:13:00,1.13793,1.13795,1.13793,1.13795
2026-07-24 09:12:00,1.13792,1.13796,1.1379,1.13795
2026-07-24 09:11:00,1.1379,1.13801,1.1379,1.13798
2026-07-24 09:10:00,1.13791,1.13796,1.13789,1.13789
2026-07-24 09:09:00,1.13792,1.13793,1.13789,1.13793
2026-07-24 09:08:00,1.13791,1.13796,1.13789,1.13791
2026-07-24 09:07:00,1.13791,1.13797,1.1379,1.13796
2026-07-24 09:06:00,1.13797,1.13797,1.13788,1.13789
2026-07-24 09:05:00,1.13799,1.13799,1.13786,1.1379
2026-07-24 09:04:00,1.13801,1.13801,1.13794,1.13796
2026-07-24 09:03:00,1.13799,1.13802,1.13793,1.13802
2026-07-24 09:02:00,1.13802,1.13802,1.13795,1.13797
2026-07-24 09:01:00,1.138,1.13802,1.13794,1.13802
2026-07-24 09:00:00,1.13798,1.13802,1.13795,1.13802
2026-07-24 08:59:00,1.13799,1.13805,1.13795,1.13796
2026-07-24 08:58:00,1.13798,1.13801,1.13796,1.13801
2026-07-24 08:57:00,1.13798,1.13804,1.13796,1.13796
2026-07-24 08:56:00,1.13798,1.138,1.13796,1.138
2026-07-24 08:55:00,1.13796,1.13802,1.13794,1.138
2026-07-24 08:54:00,1.13794,1.13798,1.13793,1.13798
2026-07-24 08:53:00,1.13794,1.13799,1.13793,1.13794
2026-07-24 08:52:00,1.13793,1.13796,1.13793,1.13796
2026-07-24 08:51:00,1.13791,1.13797,1.13791,1.13796
2026-07-24 08:50:00,1.13793,1.13801,1.1379,1.13791
2026-07-24 08:49:00,1.13792,1.13798,1.1379,1.13797
2026-07-24 08:48:00,1.13789,1.13798,1.13789,1.13796
2026-07-24 08:47:00,1.1379,1.13792,1.13785,1.13792
2026-07-24 08:46:00,1.13786,1.13795,1.13785,1.13793
2026-07-24 08:45:00,1.13786,1.13789,1.13782,1.13789
2026-07-24 08:44:00,1.13785,1.1379,1.13782,1.13789
2026-07-24 08:43:00,1.13785,1.13787,1.13781,1.13787
2026-07-24 08:42:00,1.13787,1.13787,1.13777,1.1378
2026-07-24 08:41:00,1.13785,1.13788,1.13777,1.13788
2026-07-24 08:40:00,1.13784,1.13787,1.1378,1.13787
2026-07-24 08:39:00,1.13783,1.13789,1.1378,1.13787
2026-07-24 08:38:00,1.13785,1.13795,1.13782,1.13785
2026-07-24 08:37:00,1.13783,1.13789,1.13783,1.13788
2026-07-24 08:36:00,1.1378,1.13786,1.13779,1.13786
2026-07-24 08:35:00,1.13775,1.13788,1.13775,1.13784
2026-07-24 08:34:00,1.13777,1.13778,1.13772,1.13778
2026-07-24 08:33:00,1.13781,1.13781,1.13772,1.13774
2026-07-24 08:32:00,1.13782,1.13782,1.13772,1.13782
2026-07-24 08:31:00,1.13779,1.13782,1.13773,1.13782
2026-07-24 08:30:00,1.13786,1.13786,1.13776,1.13777
2026-07-24 08:29:00,1.13789,1.1379,1.13776,1.1378
2026-07-24 08:28:00,1.13794,1.13794,1.13779,1.13783
2026-07-24 08:27:00,1.13797,1.13797,1.1378,1.13786
2026-07-24 08:26:00,1.13796,1.13798,1.13789,1.13798
2026-07-24 08:25:00,1.13792,1.13799,1.13792,1.13799
2026-07-24 08:24:00,1.13786,1.138,1.13786,1.13796
2026-07-24 08:23:00,1.13786,1.13791,1.13779,1.1379
2026-07-24 08:22:00,1.13783,1.13789,1.13779,1.13788
2026-07-24 08:21:00,1.13786,1.13789,1.13779,1.13781
2026-07-24 08:20:00,1.13786,1.13788,1.13779,1.13788
2026-07-24 08:19:00,1.13787,1.13791,1.1378,1.13782
2026-07-24 08:18:00,1.13786,1.13789,1.1378,1.13789
2026-07-24 08:17:00,1.13786,1.13792,1.13779,1.13786
2026-07-24 08:16:00,1.13785,1.13789,1.13779,1.13789
2026-07-24 08:15:00,1.1378,1.13791,1.13777,1.13789
2026-07-24 08:14:00,1.13781,1.13784,1.1378,1.13784
2026-07-24 08:13:00,1.13782,1.13784,1.13781,1.13781
2026-07-24 08:12:00,1.13785,1.13785,1.13777,1.13779
2026-07-24 08:11:00,1.1379,1.1379,1.13781,1.13783
2026-07-24 08:10:00,1.13793,1.13793,1.1378,1.13784
2026-07-24 08:09:00,1.13791,1.13794,1.13785,1.13794
2026-07-24 08:08:00,1.13789,1.13797,1.13789,1.13795
2026-07-24 08:07:00,1.13789,1.13795,1.13784,1.13794
2026-07-24 08:06:00,1.13784,1.13795,1.13784,1.13793
2026-07-24 08:05:00,1.13781,1.13787,1.13781,1.13787
2026-07-24 08:04:00,1.13781,1.13789,1.13777,1.13778
2026-07-24 08:03:00,1.13781,1.13783,1.13781,1.13783
2026-07-24 08:02:00,1.13779,1.13783,1.13777,1.13782
2026-07-24 08:01:00,1.13769,1.13784,1.13769,1.13783
2026-07-24 08:00:00,1.13781,1.13781,1.13763,1.13766
2026-07-24 07:59:00,1.13802,1.13802,1.13758,1.13767
2026-07-24 07:58:00,1.13798,1.13816,1.13781,1.13811
2026-07-24 07:57:00,1.13799,1.13805,1.13796,1.13796
2026-07-24 07:56:00,1.13796,1.13803,1.13796,1.13803
2026-07-24 07:55:00,1.13789,1.13804,1.13789,1.13801
2026-07-24 07:54:00,1.13791,1.13807,1.13789,1.13802
2026-07-24 07:53:00,1.13789,1.13797,1.13789,1.13795
2026-07-24 07:52:00,1.13792,1.13793,1.13789,1.1379
2026-07-24 07:51:00,1.13799,1.13799,1.13789,1.1379
2026-07-24 07:50:00,1.13802,1.13802,1.1379,1.13793
2026-07-24 07:49:00,1.13799,1.13805,1.13798,1.13805
2026-07-24 07:48:00,1.13799,1.13807,1.13796,1.13799
2026-07-24 07:47:00,1.13792,1.13803,1.13792,1.13803
2026-07-24 07:46:00,1.13789,1.13804,1.13781,1.13799
2026-07-24 07:45:00,1.13774,1.13798,1.13774,1.13796
2026-07-24 07:44:00,1.13766,1.13793,1.13755,1.13785
2026-07-24 07:43:00,1.13769,1.1377,1.13764,1.13765
2026-07-24 07:42:00,1.1377,1.1377,1.13764,1.13766
2026-07-24 07:41:00,1.13772,1.13772,1.13763,1.13772
2026-07-24 07:40:00,1.13768,1.13773,1.13768,1.13773
2026-07-24 07:39:00,1.13766,1.13775,1.13765,1.13773
2026-07-24 07:38:00,1.13772,1.13772,1.13763,1.13765
2026-07-24 07:37:00,1.13775,1.13775,1.13762,1.13766
2026-07-24 07:36:00,1.13774,1.13777,1.13766,1.13777
2026-07-24 07:35:00,1.13774,1.1378,1.13772,1.13772
2026-07-24 07:34:00,1.13774,1.13779,1.13772,1.13778
2026-07-24 07:33:00,1.13776,1.13777,1.13772,1.13773
2026-07-24 07:32:00,1.13775,1.13778,1.13772,1.13778
2026-07-24 07:31:00,1.13781,1.13781,1.13771,1.13772
2026-07-24 07:30:00,1.13781,1.13782,1.13773,1.13782
2026-07-24 07:29:00,1.13782,1.13783,1.13777,1.13783
2026-07-24 07:28:00,1.13782,1.13786,1.13777,1.13778
2026-07-24 07:27:00,1.1378,1.13784,1.13777,1.13784
2026-07-24 07:26:00,1.1378,1.13787,1.13777,1.13778
2026-07-24 07:25:00,1.13783,1.13783,1.13777,1.13783
2026-07-24 07:24:00,1.13782,1.13785,1.13775,1.13784
2026-07-24 07:23:00,1.1378,1.13789,1.1378,1.13788
2026-07-24 07:22:00,1.13781,1.13785,1.13779,1.13779
2026-07-24 07:21:00,1.13783,1.13783,1.1378,1.13781
2026-07-24 07:20:00,1.1378,1.13785,1.1378,1.13785
2026-07-24 07:19:00,1.13775,1.13787,1.13775,1.13785
2026-07-24 07:18:00,1.13774,1.13782,1.13774,1.1378
2026-07-24 07:17:00,1.13776,1.1378,1.13773,1.13773
2026-07-24 07:16:00,1.13775,1.13779,1.13773,1.13779
2026-07-24 07:15:00,1.13767,1.13781,1.13767,1.13778
2026-07-24 07:14:00,1.13773,1.13777,1.13766,1.13768
2026-07-24 07:13:00,1.13772,1.13775,1.13772,1.13774
2026-07-24 07:12:00,1.1377,1.13774,1.13767,1.13774
2026-07-24 07:11:00,1.13774,1.13774,1.13768,1.13769
2026-07-24 07:10:00,1.1375,1.13782,1.1375,1.1378
2026-07-24 07:09:00,1.13753,1.13794,1.1375,1.13751
2026-07-24 07:08:00,1.13771,1.13772,1.13745,1.13748
2026-07-24 07:07:00,1.13764,1.13785,1.13751,1.1378
2026-07-24 07:06:00,1.13763,1.13774,1.13758,1.13763
2026-07-24 07:05:00,1.13769,1.13769,1.13759,1.13761
2026-07-24 07:04:00,1.13761,1.13775,1.13757,1.13773
2026-07-24 07:03:00,1.13758,1.1377,1.13758,1.13768
2026-07-24 07:02:00,1.13773,1.13775,1.13753,1.13755
2026-07-24 07:01:00,1.13774,1.13776,1.13759,1.13764
2026-07-24 07:00:00,1.13778,1.13778,1.13772,1.13773
2026-07-24 06:59:00,1.13777,1.13779,1.1377,1.13779
2026-07-24 06:58:00,1.13777,1.13779,1.13772,1.13779
2026-07-24 06:57:00,1.13775,1.13782,1.13771,1.1378
2026-07-24 06:56:00,1.13772,1.13778,1.13772,1.13778
2026-07-24 06:55:00,1.1377,1.13781,1.13767,1.13777
2026-07-24 06:54:00,1.13773,1.13773,1.13767,1.13773
2026-07-24 06:53:00,1.13775,1.13775,1.13766,1.13769
2026-07-24 06:52:00,1.13778,1.13778,1.13771,1.13773
2026-07-24 06:51:00,1.13779,1.13779,1.1377,1.13779
2026-07-24 06:50:00,1.13782,1.13782,1.13773,1.13775
2026-07-24 06:49:00,1.13784,1.13784,1.13773,1.13776
2026-07-24 06:48:00,1.13785,1.13786,1.13776,1.13779
2026-07-24 06:47:00,1.13785,1.13787,1.13777,1.13787
2026-07-24 06:46:00,1.13778,1.1379,1.13777,1.13788
2026-07-24 06:45:00,1.13775,1.13783,1.13775,1.13783
2026-07-24 06:44:00,1.13776,1.13784,1.1377,1.13771
2026-07-24 06:43:00,1.13772,1.13778,1.13768,1.13778
2026-07-24 06:42:00,1.13774,1.13779,1.13769,1.1377
2026-07-24 06:41:00,1.13776,1.13776,1.13768,1.13776
2026-07-24 06:40:00,1.13779,1.13779,1.13768,1.13771
2026-07-24 06:39:00,1.13774,1.13781,1.13771,1.13781
2026-07-24 06:38:00,1.13773,1.13779,1.13773,1.13778
2026-07-24 06:37:00,1.1378,1.1378,1.1377,1.13771
2026-07-24 06:36:00,1.13779,1.13786,1.13767,1.13784
2026-07-24 06:35:00,1.13787,1.13787,1.13775,1.13776
2026-07-24 06:34:00,1.13792,1.13793,1.13775,1.1378
2026-07-24 06:33:00,1.13799,1.13799,1.13784,1.13787
2026-07-24 06:32:00,1.13798,1.13801,1.1379,1.13801
2026-07-24 06:31:00,1.13785,1.13803,1.13785,1.13801
2026-07-24 06:30:00,1.13782,1.13799,1.13782,1.13795
2026-07-24 06:29:00,1.13781,1.13788,1.13781,1.13786
2026-07-24 06:28:00,1.13781,1.13786,1.13781,1.13785
2026-07-24 06:27:00,1.13781,1.13783,1.1378,1.13783
2026-07-24 06:26:00,1.13779,1.13786,1.13779,1.13784
2026-07-24 06:25:00,1.1378,1.13781,1.13777,1.13781
2026-07-24 06:24:00,1.13779,1.13784,1.13777,1.13783
2026-07-24 06:23:00,1.13778,1.13782,1.13776,1.13782
2026-07-24 06:22:00,1.13777,1.13783,1.13773,1.13777
2026-07-24 06:21:00,1.13774,1.13779,1.13774,1.13779
2026-07-24 06:20:00,1.13778,1.13779,1.13772,1.13773
2026-07-24 06:19:00,1.1378,1.1378,1.1377,1.13773
2026-07-24 06:18:00,1.13781,1.13781,1.13776,1.13781
2026-07-24 06:17:00,1.1378,1.13784,1.13777,1.13783
2026-07-24 06:16:00,1.13782,1.13783,1.13777,1.13783
2026-07-24 06:15:00,1.13783,1.13786,1.13781,1.13781
2026-07-24 06:14:00,1.13784,1.13785,1.13781,1.13785
2026-07-24 06:13:00,1.13788,1.13788,1.1378,1.13781
2026-07-24 06:12:00,1.13792,1.13792,1.13782,1.13785
2026-07-24 06:11:00,1.1379,1.13794,1.13785,1.13793
2026-07-24 06:10:00,1.13791,1.13794,1.13786,1.13793
2026-07-24 06:09:00,1.13789,1.13792,1.13786,1.13792
2026-07-24 06:08:00,1.13791,1.13794,1.13787,1.13788
2026-07-24 06:07:00,1.13792,1.13792,1.13786,1.13792
2026-07-24 06:06:00,1.13791,1.13795,1.13789,1.13794
2026-07-24 06:05:00,1.13792,1.13793,1.1379,1.13793
2026-07-24 06:04:00,1.13794,1.13796,1.1379,1.1379
2026-07-24 06:03:00,1.1379,1.13796,1.1379,1.13796
2026-07-24 06:02:00,1.13783,1.13797,1.13783,1.13794
2026-07-24 06:01:00,1.13782,1.1379,1.13782,1.13788
2026-07-24 06:00:00,1.13784,1.13785,1.13776,1.13778
2026-07-24 05:59:00,1.13783,1.13785,1.13776,1.13785
2026-07-24 05:58:00,1.13777,1.13785,1.13777,1.13785
2026-07-24 05:57:00,1.13779,1.13787,1.13771,1.13773
2026-07-24 05:56:00,1.13779,1.13781,1.13767,1.13781
2026-07-24 05:55:00,1.13777,1.13784,1.13775,1.13782
2026-07-24 05:54:00,1.13778,1.1378,1.13776,1.1378
2026-07-24 05:53:00,1.13771,1.13782,1.13771,1.13781
2026-07-24 05:52:00,1.13769,1.13779,1.13769,1.13777
2026-07-24 05:51:00,1.1376,1.13775,1.1376,1.13773
2026-07-24 05:50:00,1.1376,1.13771,1.1376,1.13768
2026-07-24 05:49:00,1.13759,1.13763,1.13759,1.13762
2026-07-24 05:48:00,1.1376,1.13763,1.13758,1.13758
2026-07-24 05:47:00,1.13763,1.13763,1.13754,1.13756
2026-07-24 05:46:00,1.13768,1.13768,1.13759,1.1376
2026-07-24 05:45:00,1.13765,1.13771,1.13762,1.13771
2026-07-24 05:44:00,1.13768,1.13772,1.13762,1.13763
2026-07-24 05:43:00,1.13769,1.1377,1.13763,1.1377
2026-07-24 05:42:00,1.13776,1.13776,1.13768,1.13768
2026-07-24 05:41:00,1.13773,1.13777,1.13767,1.13777
2026-07-24 05:40:00,1.13771,1.13777,1.13771,1.13776
2026-07-24 05:39:00,1.13774,1.13775,1.13767,1.13769
2026-07-24 05:38:00,1.13777,1.13777,1.13768,1.1377
2026-07-24 05:37:00,1.13777,1.13778,1.13771,1.13778
2026-07-24 05:36:00,1.13777,1.13779,1.13776,1.13779
2026-07-24 05:35:00,1.13782,1.13782,1.13772,1.13774
2026-07-24 05:34:00,1.13781,1.13786,1.13773,1.13785
2026-07-24 05:33:00,1.13789,1.13789,1.13777,1.13778
2026-07-24 05:32:00,1.13785,1.13793,1.13776,1.13792
2026-07-24 05:31:00,1.13766,1.13792,1.13766,1.13789
2026-07-24 05:30:00,1.13762,1.13785,1.13762,1.13779
2026-07-24 05:29:00,1.13754,1.13769,1.13754,1.13767
2026-07-24 05:28:00,1.13752,1.13765,1.13751,1.13762
2026-07-24 05:27:00,1.1375,1.13754,1.1375,1.13754
2026-07-24 05:26:00,1.13747,1.13757,1.13747,1.13754
2026-07-24 05:25:00,1.13745,1.1375,1.13745,1.1375
2026-07-24 05:24:00,1.13745,1.13753,1.1374,1.13741
2026-07-24 05:23:00,1.13746,1.13747,1.13741,1.13747
2026-07-24 05:22:00,1.13743,1.13749,1.13743,1.13748
2026-07-24 05:21:00,1.13746,1.13746,1.13742,1.13746
2026-07-24 05:20:00,1.13753,1.13753,1.13742,1.13744
2026-07-24 05:19:00,1.13758,1.13758,1.13746,1.13749
2026-07-24 05:18:00,1.13757,1.1376,1.13753,1.1376
2026-07-24 05:17:00,1.13754,1.13761,1.13754,1.1376
2026-07-24 05:16:00,1.13754,1.13758,1.13754,1.13757
2026-07-24 05:15:00,1.13759,1.13759,1.13753,1.13753
2026-07-24 05:14:00,1.1376,1.13762,1.13753,1.13762
2026-07-24 05:13:00,1.13759,1.13763,1.13759,1.13759
2026-07-24 05:12:00,1.13758,1.13764,1.13758,1.13763
2026-07-24 05:11:00,1.1376,1.13763,1.13758,1.13758
2026-07-24 05:10:00,1.13765,1.13765,1.13757,1.13758
2026-07-24 05:09:00,1.13767,1.13767,1.13757,1.1376
2026-07-24 05:08:00,1.13767,1.13768,1.13763,1.13768
2026-07-24 05:07:00,1.13767,1.13768,1.13763,1.13768
2026-07-24 05:06:00,1.13764,1.13771,1.13763,1.1377
2026-07-24 05:05:00,1.13766,1.13767,1.13764,1.13767
2026-07-24 05:04:00,1.13761,1.1377,1.13761,1.13769
2026-07-24 05:03:00,1.13768,1.13768,1.13758,1.1376
2026-07-24 05:02:00,1.13773,1.13773,1.13754,1.13759
2026-07-24 05:01:00,1.13757,1.13779,1.13757,1.13777
2026-07-24 05:00:00,1.13751,1.13775,1.13749,1.13768
2026-07-24 04:59:00,1.13756,1.13757,1.13749,1.1375
2026-07-24 04:58:00,1.13758,1.13758,1.13751,1.13753
2026-07-24 04:57:00,1.13752,1.1376,1.13752,1.1376
2026-07-24 04:56:00,1.1375,1.13758,1.1375,1.13757
2026-07-24 04:55:00,1.13751,1.13757,1.13747,1.13748
2026-07-24 04:54:00,1.13751,1.13754,1.13748,1.13754
2026-07-24 04:53:00,1.13752,1.13756,1.1375,1.1375
2026-07-24 04:52:00,1.1375,1.13754,1.1375,1.13754
2026-07-24 04:51:00,1.13751,1.13755,1.13749,1.13749
2026-07-24 04:50:00,1.13752,1.13753,1.1375,1.13753
2026-07-24 04:49:00,1.13748,1.13754,1.13748,1.13753
2026-07-24 04:48:00,1.13746,1.13755,1.13746,1.13753
2026-07-24 04:47:00,1.13747,1.13748,1.13746,1.13748
2026-07-24 04:46:00,1.13742,1.13751,1.13742,1.1375
2026-07-24 04:45:00,1.13742,1.13748,1.13742,1.13747
2026-07-24 04:44:00,1.13749,1.13749,1.1374,1.1374
2026-07-24 04:43:00,1.13746,1.13753,1.1374,1.13752
2026-07-24 04:42:00,1.13749,1.13752,1.13743,1.13744
2026-07-24 04:41:00,1.13749,1.13751,1.13744,1.13751
2026-07-24 04:40:00,1.1375,1.13751,1.13749,1.13749
2026-07-24 04:39:00,1.13753,1.13753,1.13749,1.1375
2026-07-24 04:38:00,1.13756,1.13756,1.1375,1.13751
2026-07-24 04:37:00,1.13758,1.13758,1.13751,1.13753
2026-07-24 04:36:00,1.13759,1.13759,1.13756,1.13759
2026-07-24 04:35:00,1.13758,1.13762,1.13755,1.13761
2026-07-24 04:34:00,1.13759,1.1376,1.13757,1.1376
2026-07-24 04:33:00,1.1376,1.13763,1.13758,1.13758
2026-07-24 04:32:00,1.13755,1.13763,1.13755,1.13763
2026-07-24 04:31:00,1.13752,1.13764,1.13748,1.1376
2026-07-24 04:30:00,1.13746,1.13755,1.13746,1.13755
2026-07-24 04:29:00,1.1374,1.13754,1.1374,1.13751
2026-07-24 04:28:00,1.13739,1.13748,1.13739,1.13746
2026-07-24 04:27:00,1.13735,1.13742,1.13735,1.13741
2026-07-24 04:26:00,1.13731,1.13743,1.13731,1.1374
2026-07-24 04:25:00,1.13731,1.13735,1.13731,1.13735
2026-07-24 04:24:00,1.1373,1.13737,1.1373,1.13735
2026-07-24 04:23:00,1.13731,1.13733,1.13729,1.13733
2026-07-24 04:22:00,1.13737,1.13737,1.13729,1.1373
2026-07-24 04:21:00,1.13732,1.13739,1.13731,1.13739
2026-07-24 04:20:00,1.13734,1.13739,1.13729,1.1373
2026-07-24 04:19:00,1.13748,1.13748,1.13726,1.13729
2026-07-24 04:18:00,1.1375,1.1375,1.13732,1.13738
2026-07-24 04:17:00,1.13743,1.13753,1.13743,1.13752
2026-07-24 04:16:00,1.13747,1.13749,1.13741,1.13742
2026-07-24 04:15:00,1.1375,1.1375,1.13738,1.13741
2026-07-24 04:14:00,1.13748,1.13752,1.13746,1.13752
2026-07-24 04:13:00,1.13741,1.13755,1.13741,1.13752
2026-07-24 04:12:00,1.1374,1.13749,1.1374,1.13748
2026-07-24 04:11:00,1.13743,1.13746,1.13736,1.13737
2026-07-24 04:10:00,1.1374,1.13745,1.13738,1.13745
2026-07-24 04:09:00,1.13738,1.13745,1.13738,1.13743
2026-07-24 04:08:00,1.13733,1.13741,1.13733,1.1374
2026-07-24 04:07:00,1.13728,1.13739,1.13728,1.13737
2026-07-24 04:06:00,1.13729,1.13737,1.13724,1.13725
2026-07-24 04:05:00,1.13725,1.13731,1.13725,1.13731
2026-07-24 04:04:00,1.13716,1.13734,1.13716,1.13731
2026-07-24 04:03:00,1.13719,1.13726,1.13716,1.13724
2026-07-24 04:02:00,1.13719,1.13722,1.13711,1.13713
2026-07-24 04:01:00,1.13722,1.13722,1.13716,1.13722
2026-07-24 04:00:00,1.13724,1.13724,1.13714,1.13717
2026-07-24 03:59:00,1.13727,1.13727,1.1372,1.13722
2026-07-24 03:58:00,1.13739,1.13739,1.1372,1.13723
2026-07-24 03:57:00,1.13746,1.13746,1.13727,1.13731
2026-07-24 03:56:00,1.13749,1.1375,1.13736,1.1374
2026-07-24 03:55:00,1.13751,1.13751,1.13745,1.13746
2026-07-24 03:54:00,1.1375,1.13753,1.13748,1.13753
2026-07-24 03:53:00,1.13747,1.13756,1.13747,1.13754
2026-07-24 03:52:00,1.13742,1.1375,1.13742,1.1375
2026-07-24 03:51:00,1.1374,1.13752,1.13735,1.1374
2026-07-24 03:50:00,1.13743,1.13743,1.13738,1.13739
2026-07-24 03:49:00,1.13746,1.13746,1.1374,1.13741
2026-07-24 03:48:00,1.13742,1.13748,1.13742,1.13748
2026-07-24 03:47:00,1.13742,1.13746,1.13738,1.13745
2026-07-24 03:46:00,1.13744,1.13746,1.13741,1.13741
2026-07-24 03:45:00,1.1375,1.1375,1.13741,1.13743
2026-07-24 03:44:00,1.13752,1.13752,1.13744,1.13746
2026-07-24 03:43:00,1.1375,1.13754,1.13749,1.13754
2026-07-24 03:42:00,1.13756,1.13757,1.13748,1.13748
2026-07-24 03:41:00,1.13753,1.1376,1.13749,1.13759
2026-07-24 03:40:00,1.13753,1.13759,1.13751,1.13751
2026-07-24 03:39:00,1.13751,1.13755,1.13751,1.13755
2026-07-24 03:38:00,1.13749,1.13755,1.13749,1.13754
2026-07-24 03:37:00,1.13753,1.13753,1.13748,1.13749
2026-07-24 03:36:00,1.13757,1.13757,1.13745,1.13748
2026-07-24 03:35:00,1.13757,1.13758,1.1375,1.13758
2026-07-24 03:34:00,1.13755,1.1376,1.13755,1.1376
2026-07-24 03:33:00,1.13757,1.13762,1.13752,1.13753
2026-07-24 03:32:00,1.1376,1.1376,1.1375,1.13753
2026-07-24 03:31:00,1.13772,1.13772,1.13755,1.13757
2026-07-24 03:30:00,1.13766,1.13777,1.13759,1.13776
2026-07-24 03:29:00,1.13763,1.13773,1.13763,1.1377
2026-07-24 03:28:00,1.13762,1.13766,1.13762,1.13766
2026-07-24 03:27:00,1.13769,1.13769,1.13759,1.1376
2026-07-24 03:26:00,1.13768,1.1377,1.13762,1.1377
2026-07-24 03:25:00,1.13772,1.13772,1.13767,1.13768
2026-07-24 03:24:00,1.13778,1.13778,1.13766,1.13768
2026-07-24 03:23:00,1.13782,1.13782,1.13771,1.13774
2026-07-24 03:22:00,1.1378,1.13785,1.13772,1.13784
2026-07-24 03:21:00,1.1378,1.13783,1.1378,1.13783
2026-07-24 03:20:00,1.13782,1.13785,1.13776,1.13777
2026-07-24 03:19:00,1.13781,1.13784,1.1378,1.13784
2026-07-24 03:18:00,1.13775,1.13784,1.13775,1.13783
2026-07-24 03:17:00,1.1377,1.13783,1.1377,1.13781
2026-07-24 03:16:00,1.13774,1.13775,1.13768,1.13769
2026-07-24 03:15:00,1.13778,1.13778,1.13768,1.1377
2026-07-24 03:14:00,1.13778,1.13781,1.13773,1.13781
2026-07-24 03:13:00,1.13779,1.13783,1.13777,1.13777
2026-07-24 03:12:00,1.13782,1.13782,1.13775,1.13782
2026-07-24 03:11:00,1.13779,1.13784,1.13777,1.13783
2026-07-24 03:10:00,1.13788,1.13788,1.13777,1.13779
2026-07-24 03:09:00,1.13795,1.13795,1.13775,1.1378
2026-07-24 03:08:00,1.13803,1.13803,1.13789,1.13791
2026-07-24 03:07:00,1.13801,1.13805,1.13792,1.13805
2026-07-24 03:06:00,1.13806,1.13807,1.13799,1.138
2026-07-24 03:05:00,1.13801,1.13808,1.13793,1.13808
2026-07-24 03:04:00,1.13796,1.1381,1.13795,1.13806
2026-07-24 03:03:00,1.13801,1.13801,1.1379,1.13793
2026-07-24 03:02:00,1.13804,1.13804,1.13795,1.13797
2026-07-24 03:01:00,1.13801,1.13806,1.13798,1.13806
2026-07-24 03:00:00,1.13799,1.13808,1.13797,1.13799
2026-07-24 02:59:00,1.13797,1.13802,1.13794,1.13802
2026-07-24 02:58:00,1.13794,1.13802,1.13794,1.138
2026-07-24 02:57:00,1.13793,1.13799,1.13789,1.13798
2026-07-24 02:56:00,1.13794,1.13795,1.13792,1.13794
2026-07-24 02:55:00,1.13791,1.13797,1.13786,1.13796
2026-07-24 02:54:00,1.13795,1.13795,1.13788,1.1379
2026-07-24 02:53:00,1.13791,1.13797,1.13784,1.13796
2026-07-24 02:52:00,1.13791,1.13795,1.13791,1.13795
2026-07-24 02:51:00,1.1378,1.13797,1.1378,1.13794
2026-07-24 02:50:00,1.1378,1.13789,1.1378,1.13787
2026-07-24 02:49:00,1.13777,1.13786,1.13775,1.13784
2026-07-24 02:48:00,1.13785,1.13785,1.13772,1.13774
2026-07-24 02:47:00,1.13788,1.13788,1.13776,1.1378
2026-07-24 02:46:00,1.13789,1.13789,1.13782,1.13789
2026-07-24 02:45:00,1.13789,1.13791,1.1378,1.13791
2026-07-24 02:44:00,1.13773,1.13794,1.13773,1.13792
2026-07-24 02:43:00,1.13768,1.13787,1.13768,1.13784
2026-07-24 02:42:00,1.13772,1.13781,1.13757,1.1376
2026-07-24 02:41:00,1.1377,1.13776,1.13763,1.13775
2026-07-24 02:40:00,1.13767,1.13776,1.13766,1.13774
2026-07-24 02:39:00,1.13765,1.1377,1.13763,1.1377
2026-07-24 02:38:00,1.13776,1.13776,1.1376,1.13762
2026-07-24 02:37:00,1.13781,1.13781,1.1376,1.13766
2026-07-24 02:36:00,1.13779,1.13782,1.13772,1.13782
2026-07-24 02:35:00,1.13788,1.13788,1.13775,1.13777
2026-07-24 02:34:00,1.13786,1.13793,1.13775,1.13792
2026-07-24 02:33:00,1.13799,1.13799,1.1378,1.13782
2026-07-24 02:32:00,1.13792,1.13809,1.13781,1.13806
2026-07-24 02:31:00,1.13776,1.13802,1.13776,1.13797
2026-07-24 02:30:00,1.13776,1.13789,1.13776,1.13786
2026-07-24 02:29:00,1.13771,1.13782,1.13768,1.1378
2026-07-24 02:28:00,1.13764,1.13776,1.13764,1.13775
2026-07-24 02:27:00,1.13756,1.13773,1.13756,1.1377
2026-07-24 02:26:00,1.13752,1.13766,1.13752,1.13763
2026-07-24 02:25:00,1.13748,1.13756,1.13748,1.13755
2026-07-24 02:24:00,1.13747,1.13757,1.13743,1.13747
2026-07-24 02:23:00,1.13753,1.13753,1.13742,1.13744
2026-07-24 02:22:00,1.13744,1.13758,1.13744,1.13756
2026-07-24 02:21:00,1.13748,1.13753,1.13744,1.13748
2026-07-24 02:20:00,1.13769,1.13769,1.13737,1.1374
2026-07-24 02:19:00,1.13766,1.13779,1.13746,1.13775
2026-07-24 02:18:00,1.13772,1.13772,1.13764,1.13765
2026-07-24 02:17:00,1.13774,1.13774,1.13758,1.13774
2026-07-24 02:16:00,1.13774,1.13775,1.13768,1.13775
2026-07-24 02:15:00,1.1377,1.13778,1.1377,1.13777
2026-07-24 02:14:00,1.13765,1.13773,1.13765,1.13773
2026-07-24 02:13:00,1.13757,1.13775,1.13757,1.13771
2026-07-24 02:12:00,1.13746,1.13763,1.13746,1.13762
2026-07-24 02:11:00,1.13745,1.13763,1.13727,1.13732
2026-07-24 02:10:00,1.13747,1.13747,1.13736,1.13747
2026-07-24 02:09:00,1.13744,1.1375,1.1374,1.13749
2026-07-24 02:08:00,1.13744,1.13748,1.13741,1.13747
2026-07-24 02:07:00,1.13742,1.13746,1.1374,1.13745
2026-07-24 02:06:00,1.13754,1.13754,1.13736,1.13738
2026-07-24 02:05:00,1.13757,1.13759,1.13741,1.13746
2026-07-24 02:04:00,1.13748,1.13762,1.13748,1.13761
2026-07-24 02:03:00,1.13742,1.13757,1.13742,1.13755
2026-07-24 02:02:00,1.13733,1.13755,1.1373,1.13749
2026-07-24 02:01:00,1.13724,1.1374,1.13724,1.13739
2026-07-24 02:00:00,1.13718,1.13739,1.1371,1.13733
2026-07-24 01:59:00,1.13716,1.13721,1.13716,1.13721
2026-07-24 01:58:00,1.13745,1.13745,1.13704,1.13708
2026-07-24 01:57:00,1.13751,1.13751,1.13714,1.13725
2026-07-24 01:56:00,1.13743,1.13755,1.13743,1.13754
2026-07-24 01:55:00,1.13731,1.13755,1.13731,1.13751
2026-07-24 01:54:00,1.13724,1.13743,1.13724,1.1374
2026-07-24 01:53:00,1.13721,1.13737,1.13714,1.13732
2026-07-24 01:52:00,1.13729,1.13729,1.13718,1.1372
2026-07-24 01:51:00,1.13729,1.13732,1.1372,1.13731
2026-07-24 01:50:00,1.13725,1.13732,1.13725,1.13732
2026-07-24 01:49:00,1.13721,1.13734,1.1372,1.1373
2026-07-24 01:48:00,1.13728,1.13728,1.13718,1.1372
2026-07-24 01:47:00,1.13734,1.13734,1.1372,1.13723
2026-07-24 01:46:00,1.13737,1.13737,1.13728,1.1373
2026-07-24 01:45:00,1.1375,1.1375,1.13729,1.13732
2026-07-24 01:44:00,1.13752,1.13752,1.13733,1.13739
2026-07-24 01:43:00,1.13748,1.13754,1.13748,1.13754
2026-07-24 01:42:00,1.13739,1.13757,1.13739,1.13753
2026-07-24 01:41:00,1.13737,1.13745,1.13737,1.13744
2026-07-24 01:40:00,1.13718,1.13746,1.13718,1.13742
2026-07-24 01:39:00,1.13701,1.13734,1.13701,1.1373
2026-07-24 01:38:00,1.13672,1.13724,1.13672,1.13715
2026-07-24 01:37:00,1.13683,1.13698,1.13671,1.13673
2026-07-24 01:36:00,1.13681,1.13685,1.13673,1.13685
2026-07-24 01:35:00,1.1368,1.13686,1.1368,1.13685
2026-07-24 01:34:00,1.13683,1.13683,1.13678,1.13679
2026-07-24 01:33:00,1.13701,1.13701,1.13673,1.13677
2026-07-24 01:32:00,1.13709,1.13714,1.13682,1.13689
2026-07-24 01:31:00,1.13732,1.13732,1.13696,1.13701
2026-07-24 01:30:00,1.13729,1.13746,1.1371,1.13741
2026-07-24 01:29:00,1.13724,1.13733,1.13724,1.13731
2026-07-24 01:28:00,1.13719,1.13729,1.13719,1.13728
2026-07-24 01:27:00,1.13714,1.13728,1.13714,1.13725
2026-07-24 01:26:00,1.1371,1.1372,1.1371,1.13719
2026-07-24 01:25:00,1.13701,1.13715,1.13701,1.13714
2026-07-24 01:24:00,1.13708,1.13713,1.13695,1.13697
2026-07-24 01:23:00,1.13716,1.13716,1.13693,1.13699
2026-07-24 01:22:00,1.13725,1.13725,1.13707,1.13711
2026-07-24 01:21:00,1.13728,1.13731,1.13716,1.13719
2026-07-24 01:20:00,1.13752,1.13752,1.13719,1.13722
2026-07-24 01:19:00,1.13743,1.13767,1.13728,1.13761
2026-07-24 01:18:00,1.13746,1.13752,1.13738,1.13739
2026-07-24 01:17:00,1.1374,1.13749,1.13733,1.13749
2026-07-24 01:16:00,1.13737,1.13748,1.13735,1.13745
2026-07-24 01:15:00,1.13725,1.13742,1.13725,1.13741
2026-07-24 01:14:00,1.13714,1.13737,1.13714,1.13733
2026-07-24 01:13:00,1.13711,1.1373,1.13701,1.13724
2026-07-24 01:12:00,1.13712,1.13714,1.13709,1.13714
2026-07-24 01:11:00,1.13718,1.13718,1.1371,1.13711
2026-07-24 01:10:00,1.13727,1.13727,1.13711,1.13714
2026-07-24 01:09:00,1.13743,1.13743,1.13713,1.13719
2026-07-24 01:08:00,1.13746,1.13749,1.13729,1.13734
2026-07-24 01:07:00,1.13745,1.13746,1.13738,1.13746
2026-07-24 01:06:00,1.1374,1.13748,1.1374,1.13748
2026-07-24 01:05:00,1.13733,1.13746,1.13733,1.13744
2026-07-24 01:04:00,1.13726,1.13743,1.13726,1.13739
2026-07-24 01:03:00,1.13722,1.13731,1.13722,1.1373
2026-07-24 01:02:00,1.13713,1.13732,1.13713,1.13728
2026-07-24 01:01:00,1.13713,1.13719,1.13711,1.13718
2026-07-24 01:00:00,1.13697,1.13719,1.13697,1.13717
2026-07-24 00:59:00,1.13683,1.13711,1.13683,1.13708
2026-07-24 00:58:00,1.13677,1.13704,1.13663,1.13695
2026-07-24 00:57:00,1.13665,1.13684,1.13665,1.13682
2026-07-24 00:56:00,1.13658,1.1368,1.13658,1.13674
2026-07-24 00:55:00,1.13666,1.13666,1.13654,1.13656
2026-07-24 00:54:00,1.1366,1.13669,1.13658,1.13668
2026-07-24 00:53:00,1.13669,1.1367,1.13655,1.13656
2026-07-24 00:52:00,1.13669,1.13675,1.13656,1.13673
2026-07-24 00:51:00,1.13677,1.13677,1.13666,1.13667
2026-07-24 00:50:00,1.13688,1.13688,1.13667,1.13671
2026-07-24 00:49:00,1.13692,1.13692,1.1368,1.13684
2026-07-24 00:48:00,1.13692,1.13695,1.13691,1.13695
2026-07-24 00:47:00,1.13682,1.13696,1.13682,1.13694
2026-07-24 00:46:00,1.13683,1.13693,1.13682,1.1369
2026-07-24 00:45:00,1.13693,1.13693,1.13679,1.13681
2026-07-24 00:44:00,1.13702,1.13702,1.13683,1.13687
2026-07-24 00:43:00,1.13721,1.13721,1.13689,1.13694
2026-07-24 00:42:00,1.13734,1.13734,1.13702,1.13709
2026-07-24 00:41:00,1.13728,1.13742,1.13722,1.1374
2026-07-24 00:40:00,1.13716,1.13738,1.13716,1.13734
2026-07-24 00:39:00,1.13711,1.13726,1.13711,1.13724
2026-07-24 00:38:00,1.137,1.13722,1.137,1.13717
2026-07-24 00:37:00,1.13708,1.13709,1.13698,1.137
2026-07-24 00:36:00,1.13716,1.13716,1.137,1.13703
2026-07-24 00:35:00,1.13715,1.13717,1.13707,1.13717
2026-07-24 00:34:00,1.13699,1.13723,1.13699,1.13721
2026-07-24 00:33:00,1.13707,1.13719,1.13685,1.1369
2026-07-24 00:32:00,1.13705,1.13714,1.13696,1.13712
2026-07-24 00:31:00,1.13694,1.13711,1.13694,1.13709
2026-07-24 00:30:00,1.13695,1.13703,1.13695,1.13702
2026-07-24 00:29:00,1.13695,1.13701,1.13693,1.13693
2026-07-24 00:28:00,1.13694,1.13697,1.13687,1.13697
2026-07-24 00:27:00,1.13689,1.13698,1.13689,1.13696
2026-07-24 00:26:00,1.13677,1.13695,1.13677,1.13694
2026-07-24 00:25:00,1.13673,1.13691,1.13673,1.13686
2026-07-24 00:24:00,1.13665,1.13679,1.13665,1.13677
2026-07-24 00:23:00,1.1366,1.13673,1.1366,1.13671
2026-07-24 00:22:00,1.13649,1.1367,1.13649,1.13666
2026-07-24 00:21:00,1.13659,1.13659,1.13645,1.13647
2026-07-24 00:20:00,1.13691,1.13691,1.13648,1.13653
2026-07-24 00:19:00,1.13699,1.13712,1.13657,1.13668
2026-07-24 00:18:00,1.13717,1.13717,1.13691,1.13695
2026-07-24 00:17:00,1.13716,1.13724,1.137,1.13722
2026-07-24 00:16:00,1.13718,1.13718,1.13713,1.13714
2026-07-24 00:15:00,1.13712,1.1372,1.13712,1.1372
2026-07-24 00:14:00,1.13701,1.1372,1.13701,1.13718
2026-07-24 00:13:00,1.13694,1.13716,1.13693,1.13711
2026-07-24 00:12:00,1.13705,1.13705,1.13693,1.13694
2026-07-24 00:11:00,1.13689,1.13715,1.13689,1.13712
2026-07-24 00:10:00,1.13712,1.13712,1.13679,1.13684
2026-07-24 00:09:00,1.13723,1.13723,1.13688,1.13698
2026-07-24 00:08:00,1.13716,1.13727,1.13715,1.13726
2026-07-24 00:07:00,1.13701,1.13726,1.13701,1.13722
2026-07-24 00:06:00,1.13706,1.13715,1.13702,1.13703
2026-07-24 00:05:00,1.13706,1.13707,1.13702,1.13707
2026-07-24 00:04:00,1.13727,1.13727,1.13698,1.13701
2026-07-24 00:03:00,1.13744,1.13744,1.13706,1.13713
2026-07-24 00:02:00,1.13742,1.13748,1.1373,1.13747
2026-07-24 00:01:00,1.13745,1.1375,1.13741,1.13745
2026-07-24 00:00:00,1.13758,1.13758,1.13733,1.13737
2026-07-23 23:59:00,1.13762,1.13766,1.13744,1.13749
2026-07-23 23:58:00,1.13772,1.13772,1.13757,1.13759
2026-07-23 23:57:00,1.13779,1.13779,1.13762,1.13766
2026-07-23 23:56:00,1.1378,1.1378,1.13767,1.1378
2026-07-23 23:55:00,1.13775,1.13782,1.13775,1.13782
2026-07-23 23:54:00,1.13778,1.13781,1.13773,1.13774
2026-07-23 23:53:00,1.1379,1.1379,1.1377,1.13773
2026-07-23 23:52:00,1.13791,1.13798,1.13776,1.13791
2026-07-23 23:51:00,1.13776,1.13795,1.13776,1.13793
2026-07-23 23:50:00,1.1377,1.13789,1.1377,1.13786
2026-07-23 23:49:00,1.13771,1.13783,1.13758,1.13762
2026-07-23 23:48:00,1.13778,1.13778,1.13767,1.13769
2026-07-23 23:47:00,1.13784,1.13784,1.13773,1.13775
2026-07-23 23:46:00,1.13808,1.13808,1.13771,1.13776
2026-07-23 23:45:00,1.13827,1.13827,1.13784,1.13793
2026-07-23 23:44:00,1.13827,1.13828,1.13811,1.13828
2026-07-23 23:43:00,1.13822,1.1383,1.1382,1.1383
2026-07-23 23:42:00,1.13817,1.13832,1.13817,1.13828
2026-07-23 23:41:00,1.13825,1.13825,1.13811,1.13814
2026-07-23 23:40:00,1.13844,1.13844,1.13811,1.13816
2026-07-23 23:39:00,1.13844,1.13858,1.13823,1.13844
2026-07-23 23:38:00,1.13828,1.13851,1.13828,1.13849
2026-07-23 23:37:00,1.13829,1.13844,1.13828,1.1384
2026-07-23 23:36:00,1.13813,1.13834,1.13813,1.13832
2026-07-23 23:35:00,1.13812,1.13829,1.13812,1.13824
2026-07-23 23:34:00,1.13799,1.13816,1.13799,1.13815
2026-07-23 23:33:00,1.13784,1.13815,1.13784,1.1381
2026-07-23 23:32:00,1.13787,1.13798,1.13784,1.13785
2026-07-23 23:31:00,1.13783,1.13789,1.13781,1.13788
2026-07-23 23:30:00,1.13783,1.13786,1.13783,1.13786
2026-07-23 23:29:00,1.13759,1.1379,1.13759,1.13787
2026-07-23 23:28:00,1.13751,1.13782,1.13751,1.13776
2026-07-23 23:27:00,1.13749,1.13767,1.13735,1.13739
2026-07-23 23:26:00,1.1374,1.13754,1.1374,1.13753
2026-07-23 23:25:00,1.13737,1.13752,1.13736,1.13747
2026-07-23 23:24:00,1.13746,1.13746,1.13732,1.13734
2026-07-23 23:23:00,1.1374,1.13749,1.13738,1.13748
2026-07-23 23:22:00,1.13729,1.13749,1.13729,1.13746
2026-07-23 23:21:00,1.13722,1.13739,1.13722,1.13737
2026-07-23 23:20:00,1.13715,1.13735,1.13711,1.1373
2026-07-23 23:19:00,1.13715,1.13719,1.13713,1.13719
2026-07-23 23:18:00,1.13699,1.13721,1.13699,1.13719
2026-07-23 23:17:00,1.13696,1.13713,1.13696,1.1371
2026-07-23 23:16:00,1.13699,1.13705,1.13691,1.13692
2026-07-23 23:15:00,1.13707,1.13707,1.13689,1.13693
2026-07-23 23:14:00,1.13723,1.13723,1.13693,1.13698
2026-07-23 23:13:00,1.13746,1.13746,1.1371,1.13715
2026-07-23 23:12:00,1.1375,1.13759,1.13723,1.13731
2026-07-23 23:11:00,1.13767,1.13767,1.13744,1.13746
2026-07-23 23:10:00,1.13755,1.13779,1.13745,1.13775
2026-07-23 23:09:00,1.13756,1.13769,1.1374,1.13744
2026-07-23 23:08:00,1.13771,1.13771,1.1375,1.13753
2026-07-23 23:07:00,1.13811,1.13811,1.1375,1.13758
2026-07-23 23:06:00,1.13812,1.13827,1.13774,1.13786
2026-07-23 23:05:00,1.13809,1.13814,1.13809,1.13813
2026-07-23 23:04:00,1.13817,1.13817,1.13804,1.13806
2026-07-23 23:03:00,1.13829,1.13829,1.13807,1.13811
2026-07-23 23:02:00,1.13853,1.13853,1.13812,1.13818
2026-07-23 23:01:00,1.13849,1.13868,1.13827,1.13862
2026-07-23 23:00:00,1.13855,1.13855,1.13845,1.13846
2026-07-23 22:59:00,1.1385,1.13859,1.13842,1.13858
2026-07-23 22:58:00,1.13833,1.13859,1.13833,1.13855
2026-07-23 22:57:00,1.13825,1.13847,1.13825,1.13844
2026-07-23 22:56:00,1.13808,1.1384,1.13808,1.13834
2026-07-23 22:55:00,1.13798,1.13823,1.13798,1.13819
2026-07-23 22:54:00,1.13792,1.13811,1.13792,1.13806
2026-07-23 22:53:00,1.13791,1.138,1.13791,1.13798
2026-07-23 22:52:00,1.13794,1.13794,1.1379,1.13791
2026-07-23 22:51:00,1.13794,1.13796,1.13785,1.13796
2026-07-23 22:50:00,1.13777,1.13803,1.13777,1.13801
2026-07-23 22:49:00,1.13789,1.13799,1.13751,1.13759
2026-07-23 22:48:00,1.13785,1.138,1.13772,1.13796
2026-07-23 22:47:00,1.13789,1.13791,1.13784,1.13784
2026-07-23 22:46:00,1.13795,1.13795,1.13777,1.13782
2026-07-23 22:45:00,1.13782,1.13802,1.13782,1.138
2026-07-23 22:44:00,1.13801,1.13801,1.13777,1.1378
2026-07-23 22:43:00,1.13807,1.13807,1.13776,1.13785
2026-07-23 22:42:00,1.13816,1.13816,1.13799,1.13802
2026-07-23 22:41:00,1.13814,1.13821,1.13804,1.13819
2026-07-23 22:40:00,1.13809,1.1382,1.13809,1.13818
2026-07-23 22:39:00,1.13812,1.13812,1.13808,1.13812
2026-07-23 22:38:00,1.13834,1.13834,1.13803,1.13806
2026-07-23 22:37:00,1.13843,1.13849,1.13807,1.13816
2026-07-23 22:36:00,1.13849,1.13849,1.13835,1.13838
2026-07-23 22:35:00,1.13841,1.13852,1.13841,1.13852
2026-07-23 22:34:00,1.13839,1.13851,1.13838,1.13847
2026-07-23 22:33:00,1.13841,1.13842,1.13834,1.13836
2026-07-23 22:32:00,1.13837,1.13843,1.13837,1.13843
2026-07-23 22:31:00,1.13866,1.13866,1.13824,1.13829
2026-07-23 22:30:00,1.13861,1.13887,1.13828,1.13879
2026-07-23 22:29:00,1.13841,1.13867,1.13841,1.13865
2026-07-23 22:28:00,1.13831,1.13861,1.13831,1.13856
2026-07-23 22:27:00,1.13821,1.13849,1.13811,1.13841
2026-07-23 22:26:00,1.13827,1.13827,1.13819,1.13821
2026-07-23 22:25:00,1.13837,1.13837,1.13816,1.1382
2026-07-23 22:24:00,1.1384,1.1384,1.13829,1.13832
2026-07-23 22:23:00,1.13854,1.13854,1.13834,1.13836
2026-07-23 22:22:00,1.13864,1.13864,1.13838,1.13844
2026-07-23 22:21:00,1.13871,1.13871,1.13849,1.13855
2026-07-23 22:20:00,1.13869,1.13873,1.13863,1.13873
2026-07-23 22:19:00,1.1388,1.1388,1.13864,1.13867
2026-07-23 22:18:00,1.13898,1.13898,1.13867,1.13872
2026-07-23 22:17:00,1.13918,1.13918,1.13872,1.13881
2026-07-23 22:16:00,1.13955,1.13955,1.13891,1.13902
2026-07-23 22:15:00,1.13945,1.13967,1.13924,1.13962
2026-07-23 22:14:00,1.13941,1.13953,1.13941,1.1395
2026-07-23 22:13:00,1.13941,1.13946,1.13937,1.13945
2026-07-23 22:12:00,1.13932,1.13946,1.13932,1.13945
2026-07-23 22:11:00,1.13931,1.13945,1.13924,1.13931
2026-07-23 22:10:00,1.13924,1.13933,1.13924,1.13933
2026-07-23 22:09:00,1.13913,1.13936,1.13913,1.13931
2026-07-23 22:08:00,1.13915,1.13921,1.13915,1.1392
2026-07-23 22:07:00,1.13918,1.1392,1.13913,1.13913
2026-07-23 22:06:00,1.13912,1.1392,1.13912,1.1392
2026-07-23 22:05:00,1.1391,1.13921,1.13908,1.13918
2026-07-23 22:04:00,1.13912,1.13912,1.13907,1.13912
2026-07-23 22:03:00,1.13922,1.13922,1.13907,1.13909
2026-07-23 22:02:00,1.13946,1.13946,1.13913,1.13916
2026-07-23 22:01:00,1.13949,1.13958,1.1392,1.13929
2026-07-23 22:00:00,1.13947,1.13951,1.13943,1.1395
2026-07-23 21:59:00,1.1394,1.13951,1.1394,1.1395
2026-07-23 21:58:00,1.1393,1.13952,1.1393,1.13947
2026-07-23 21:57:00,1.1393,1.13937,1.13924,1.13936
2026-07-23 21:56:00,1.13936,1.13936,1.13926,1.13927
2026-07-23 21:55:00,1.13937,1.13939,1.13926,1.13939
2026-07-23 21:54:00,1.13932,1.13939,1.13926,1.13938
2026-07-23 21:53:00,1.13924,1.13939,1.13924,1.13937
2026-07-23 21:52:00,1.13919,1.13934,1.13919,1.13931
2026-07-23 21:51:00,1.13915,1.13928,1.13915,1.13925
2026-07-23 21:50:00,1.13917,1.13917,1.13912,1.13917
2026-07-23 21:49:00,1.139,1.13924,1.139,1.13922
2026-07-23 21:48:00,1.13898,1.13916,1.13898,1.13912
2026-07-23 21:47:00,1.13888,1.13907,1.13888,1.13904
2026-07-23 21:46:00,1.13872,1.139,1.13872,1.13897
2026-07-23 21:45:00,1.13859,1.13893,1.13853,1.13884
2026-07-23 21:44:00,1.13859,1.13868,1.13859,1.13866
2026-07-23 21:43:00,1.13852,1.13862,1.13852,1.13861
2026-07-23 21:42:00,1.13868,1.13868,1.13845,1.13848
2026-07-23 21:41:00,1.13873,1.13877,1.13851,1.13857
2026-07-23 21:40:00,1.13873,1.13876,1.13871,1.13875
2026-07-23 21:39:00,1.13881,1.13881,1.13868,1.1387
2026-07-23 21:38:00,1.13888,1.13888,1.13874,1.13877
2026-07-23 21:37:00,1.13894,1.13894,1.13881,1.13884
2026-07-23 21:36:00,1.13921,1.13921,1.13878,1.13884
2026-07-23 21:35:00,1.13933,1.13933,1.13896,1.13904
2026-07-23 21:34:00,1.13957,1.13957,1.13919,1.13925
2026-07-23 21:33:00,1.13969,1.13969,1.13937,1.13944
2026-07-23 21:32:00,1.13983,1.13983,1.13951,1.13958
2026-07-23 21:31:00,1.13981,1.13984,1.13972,1.13984
2026-07-23 21:30:00,1.13987,1.13987,1.13978,1.1398
2026-07-23 21:29:00,1.14002,1.14002,1.1398,1.13982
2026-07-23 21:28:00,1.14,1.14013,1.13986,1.14009
2026-07-23 21:27:00,1.13997,1.14005,1.13997,1.14003
2026-07-23 21:26:00,1.13999,1.14002,1.13996,1.14001
2026-07-23 21:25:00,1.14008,1.14008,1.13995,1.13996
2026-07-23 21:24:00,1.14015,1.14015,1.13999,1.14003
2026-07-23 21:23:00,1.1402,1.1402,1.14004,1.14008
2026-07-23 21:22:00,1.14025,1.14025,1.14015,1.14017
2026-07-23 21:21:00,1.14031,1.14031,1.14016,1.1402
2026-07-23 21:20:00,1.14032,1.14032,1.14022,1.14025
2026-07-23 21:19:00,1.14037,1.14037,1.14028,1.1403
2026-07-23 21:18:00,1.14048,1.14048,1.1403,1.14032
2026-07-23 21:17:00,1.14054,1.14056,1.14036,1.14041
2026-07-23 21:16:00,1.14055,1.14056,1.14045,1.14055
2026-07-23 21:15:00,1.14051,1.14058,1.14051,1.14058
2026-07-23 21:14:00,1.14047,1.14059,1.14045,1.14055
2026-07-23 21:13:00,1.14049,1.14051,1.14043,1.14049
2026-07-23 21:12:00,1.14047,1.1405,1.14041,1.1405
2026-07-23 21:11:00,1.14048,1.14053,1.14042,1.14048
2026-07-23 21:10:00,1.14044,1.1405,1.14042,1.1405
2026-07-23 21:09:00,1.14033,1.14053,1.14033,1.1405
2026-07-23 21:08:00,1.14035,1.14041,1.14034,1.14039
2026-07-23 21:07:00,1.14041,1.14041,1.1403,1.14031
2026-07-23 21:06:00,1.14041,1.14045,1.14033,1.14044
2026-07-23 21:05:00,1.14038,1.14044,1.14037,1.14043
2026-07-23 21:04:00,1.14035,1.14041,1.14035,1.14041
2026-07-23 21:03:00,1.14034,1.14041,1.14033,1.14034
2026-07-23 21:02:00,1.14043,1.14043,1.14029,1.14031
2026-07-23 21:01:00,1.14047,1.14047,1.14034,1.14037
2026-07-23 21:00:00,1.14052,1.14052,1.14041,1.14043
2026-07-23 20:59:00,1.14058,1.14058,1.14047,1.14049
2026-07-23 20:58:00,1.14074,1.14074,1.14047,1.14051
2026-07-23 20:57:00,1.14074,1.14084,1.14058,1.14074
2026-07-23 20:56:00,1.14057,1.14078,1.14057,1.14077
2026-07-23 20:55:00,1.14053,1.14075,1.14053,1.1407
2026-07-23 20:54:00,1.14043,1.14063,1.14043,1.14059
2026-07-23 20:53:00,1.14042,1.14054,1.14042,1.14051
2026-07-23 20:52:00,1.1405,1.1405,1.14037,1.14039
2026-07-23 20:51:00,1.14045,1.14052,1.14043,1.14052
2026-07-23 20:50:00,1.14045,1.1405,1.14045,1.14049
2026-07-23 20:49:00,1.14043,1.1405,1.14043,1.14048
2026-07-23 20:48:00,1.14048,1.14048,1.14041,1.14042
2026-07-23 20:47:00,1.14067,1.14067,1.14042,1.14044
2026-07-23 20:46:00,1.1407,1.14079,1.14046,1.14053
2026-07-23 20:45:00,1.14071,1.14071,1.14068,1.14069
2026-07-23 20:44:00,1.14069,1.14074,1.14068,1.14074
2026-07-23 20:43:00,1.14074,1.14074,1.14068,1.14068
2026-07-23 20:42:00,1.14082,1.14082,1.14069,1.14071
2026-07-23 20:41:00,1.14083,1.14085,1.14073,1.14083
2026-07-23 20:40:00,1.14085,1.14086,1.14082,1.14082
2026-07-23 20:39:00,1.14081,1.14087,1.14081,1.14087
2026-07-23 20:38:00,1.14076,1.1409,1.14075,1.14087
2026-07-23 20:37:00,1.14082,1.14082,1.14072,1.14074
2026-07-23 20:36:00,1.14081,1.14084,1.14077,1.14083
2026-07-23 20:35:00,1.14082,1.14084,1.1408,1.14084
2026-07-23 20:34:00,1.14078,1.14085,1.14078,1.14084
2026-07-23 20:33:00,1.14089,1.14089,1.14075,1.14077
2026-07-23 20:32:00,1.14094,1.14094,1.14071,1.14078
2026-07-23 20:31:00,1.14081,1.14099,1.14081,1.14098
2026-07-23 20:30:00,1.14078,1.14094,1.14078,1.1409
2026-07-23 20:29:00,1.14074,1.14086,1.14074,1.14083
2026-07-23 20:28:00,1.14077,1.14077,1.14072,1.14073
2026-07-23 20:27:00,1.14076,1.14079,1.14072,1.14078
2026-07-23 20:26:00,1.1407,1.1408,1.1407,1.1408
2026-07-23 20:25:00,1.14073,1.14081,1.14062,1.14064
2026-07-23 20:24:00,1.14075,1.14076,1.14064,1.14075
2026-07-23 20:23:00,1.14078,1.14078,1.14075,1.14075
2026-07-23 20:22:00,1.14079,1.14079,1.14071,1.14079
2026-07-23 20:21:00,1.14092,1.14092,1.14073,1.14075
2026-07-23 20:20:00,1.14101,1.14101,1.14078,1.14083
2026-07-23 20:19:00,1.14099,1.14107,1.14092,1.14105
2026-07-23 20:18:00,1.14102,1.14105,1.14097,1.14098
2026-07-23 20:17:00,1.14106,1.14106,1.14097,1.14099
2026-07-23 20:16:00,1.14095,1.14111,1.14095,1.14109
2026-07-23 20:15:00,1.14101,1.14106,1.14094,1.14096
2026-07-23 20:14:00,1.14108,1.14108,1.14097,1.14099
2026-07-23 20:13:00,1.14103,1.1411,1.14102,1.1411
2026-07-23 20:12:00,1.14102,1.14109,1.14102,1.14107
2026-07-23 20:11:00,1.14105,1.14105,1.14099,1.14101
2026-07-23 20:10:00,1.14104,1.14106,1.14103,1.14106
2026-07-23 20:09:00,1.14105,1.14109,1.14101,1.14102
2026-07-23 20:08:00,1.14115,1.14115,1.14101,1.14103
2026-07-23 20:07:00,1.14127,1.14127,1.14101,1.14107
2026-07-23 20:06:00,1.14124,1.14133,1.14116,1.14131
2026-07-23 20:05:00,1.1413,1.1413,1.14121,1.14122
2026-07-23 20:04:00,1.14128,1.14133,1.14123,1.14132
2026-07-23 20:03:00,1.14124,1.14132,1.14124,1.1413
2026-07-23 20:02:00,1.14132,1.14132,1.14121,1.14123
2026-07-23 20:01:00,1.14131,1.14133,1.14123,1.14133
2026-07-23 20:00:00,1.14136,1.14136,1.14128,1.14129
2026-07-23 19:59:00,1.14135,1.14139,1.14128,1.14138
2026-07-23 19:58:00,1.14137,1.1414,1.14132,1.14133
2026-07-23 19:57:00,1.14141,1.14141,1.14133,1.14135
2026-07-23 19:56:00,1.14136,1.14144,1.14136,1.14143
2026-07-23 19:55:00,1.1413,1.14141,1.1413,1.14141
2026-07-23 19:54:00,1.14121,1.14141,1.14121,1.14136
2026-07-23 19:53:00,1.14125,1.14128,1.14121,1.14122
2026-07-23 19:52:00,1.14128,1.14128,1.14121,1.14122
2026-07-23 19:51:00,1.14129,1.1413,1.14125,1.1413
2026-07-23 19:50:00,1.14126,1.1413,1.14126,1.1413
2026-07-23 19:49:00,1.14131,1.14132,1.14124,1.14125
2026-07-23 19:48:00,1.14134,1.14134,1.14125,1.14127
2026-07-23 19:47:00,1.14147,1.14147,1.14125,1.14128
2026-07-23 19:46:00,1.14143,1.14157,1.14132,1.14154
2026-07-23 19:45:00,1.14133,1.1415,1.14133,1.14147
2026-07-23 19:44:00,1.14123,1.14141,1.14123,1.1414
2026-07-23 19:43:00,1.14117,1.14138,1.14113,1.14132
2026-07-23 19:42:00,1.14115,1.14122,1.14114,1.14121
2026-07-23 19:41:00,1.14114,1.14119,1.14114,1.14118
2026-07-23 19:40:00,1.14115,1.14117,1.14111,1.14115
2026-07-23 19:39:00,1.14118,1.14118,1.14114,1.14115
2026-07-23 19:38:00,1.14119,1.1412,1.14111,1.14119
2026-07-23 19:37:00,1.14114,1.14121,1.14111,1.14121
2026-07-23 19:36:00,1.14109,1.14124,1.14106,1.1412
2026-07-23 19:35:00,1.14108,1.14112,1.14102,1.14112
2026-07-23 19:34:00,1.14111,1.14114,1.14103,1.14104
2026-07-23 19:33:00,1.1411,1.14113,1.14101,1.14113
2026-07-23 19:32:00,1.14106,1.14113,1.14106,1.14112
2026-07-23 19:31:00,1.14107,1.14111,1.14103,1.1411
2026-07-23 19:30:00,1.1411,1.1411,1.14099,1.14102
2026-07-23 19:29:00,1.14111,1.14111,1.14101,1.14104
2026-07-23 19:28:00,1.14117,1.14117,1.14106,1.14108
2026-07-23 19:27:00,1.14121,1.14121,1.14111,1.14113
2026-07-23 19:26:00,1.14122,1.14123,1.14112,1.14123
2026-07-23 19:25:00,1.14113,1.14127,1.14113,1.14125
2026-07-23 19:24:00,1.14115,1.14121,1.14115,1.1412
2026-07-23 19:23:00,1.1412,1.1412,1.14111,1.14112
2026-07-23 19:22:00,1.14121,1.14121,1.1411,1.14121
2026-07-23 19:21:00,1.14122,1.14122,1.14112,1.14115
2026-07-23 19:20:00,1.1413,1.1413,1.14115,1.14118
2026-07-23 19:19:00,1.1413,1.14133,1.14115,1.14132
2026-07-23 19:18:00,1.14125,1.14134,1.14125,1.14133
2026-07-23 19:17:00,1.14117,1.1413,1.14117,1.14129
2026-07-23 19:16:00,1.14119,1.14131,1.14104,1.14108
2026-07-23 19:15:00,1.14121,1.14121,1.14106,1.14121
2026-07-23 19:14:00,1.14131,1.14131,1.14114,1.14116
2026-07-23 19:13:00,1.14137,1.14137,1.14115,1.14121
2026-07-23 19:12:00,1.14139,1.14139,1.14124,1.14129
2026-07-23 19:11:00,1.1414,1.14141,1.14134,1.14141
2026-07-23 19:10:00,1.14138,1.14142,1.14132,1.14142
2026-07-23 19:09:00,1.14146,1.14146,1.14133,1.14135
2026-07-23 19:08:00,1.1415,1.14152,1.14128,1.14135
2026-07-23 19:07:00,1.14151,1.14151,1.14141,1.14144
2026-07-23 19:06:00,1.14149,1.14153,1.14142,1.14153
2026-07-23 19:05:00,1.14137,1.14156,1.14137,1.14153
2026-07-23 19:04:00,1.14131,1.14147,1.14131,1.14145
2026-07-23 19:03:00,1.1412,1.14143,1.1412,1.14138
2026-07-23 19:02:00,1.14109,1.14129,1.14109,1.14127
2026-07-23 19:01:00,1.14111,1.14124,1.14105,1.14106
2026-07-23 19:00:00,1.14114,1.14114,1.14107,1.14109
2026-07-23 18:59:00,1.14117,1.14117,1.14111,1.14112
2026-07-23 18:58:00,1.1412,1.1412,1.14111,1.14113
2026-07-23 18:57:00,1.1412,1.14122,1.14116,1.14122
2026-07-23 18:56:00,1.14113,1.14125,1.14113,1.14123
2026-07-23 18:55:00,1.14109,1.14118,1.14109,1.14117
2026-07-23 18:54:00,1.14112,1.14119,1.14102,1.14104
2026-07-23 18:53:00,1.1411,1.14114,1.14107,1.14114
2026-07-23 18:52:00,1.14095,1.14115,1.14095,1.14113
2026-07-23 18:51:00,1.14101,1.1411,1.14094,1.14095
2026-07-23 18:50:00,1.14105,1.14105,1.14091,1.14095
2026-07-23 18:49:00,1.14101,1.14106,1.14101,1.14106
2026-07-23 18:48:00,1.141,1.14106,1.141,1.14105
2026-07-23 18:47:00,1.14093,1.14106,1.14093,1.14104
2026-07-23 18:46:00,1.14091,1.14099,1.14091,1.14098
2026-07-23 18:45:00,1.14087,1.14099,1.14087,1.14096
2026-07-23 18:44:00,1.14089,1.14093,1.14088,1.14092
2026-07-23 18:43:00,1.14102,1.14102,1.14081,1.14083
2026-07-23 18:42:00,1.14101,1.14107,1.14088,1.14106
2026-07-23 18:41:00,1.14115,1.14115,1.14095,1.14097
2026-07-23 18:40:00,1.14108,1.14117,1.14101,1.14117
2026-07-23 18:39:00,1.14114,1.14117,1.14106,1.14107
2026-07-23 18:38:00,1.14129,1.14129,1.14104,1.14108
2026-07-23 18:37:00,1.1413,1.14139,1.14114,1.14119
2026-07-23 18:36:00,1.14138,1.14138,1.14128,1.14129
2026-07-23 18:35:00,1.14136,1.14143,1.14128,1.14142
2026-07-23 18:34:00,1.14144,1.14144,1.14133,1.14134
2026-07-23 18:33:00,1.14157,1.14157,1.14129,1.14135
2026-07-23 18:32:00,1.1417,1.1417,1.14137,1.14145
2026-07-23 18:31:00,1.14169,1.14172,1.14159,1.14172
2026-07-23 18:30:00,1.14167,1.14172,1.14167,1.14171
2026-07-23 18:29:00,1.14171,1.14172,1.14164,1.14165
2026-07-23 18:28:00,1.14168,1.14174,1.14166,1.14173
2026-07-23 18:27:00,1.14174,1.14176,1.14164,1.14165
2026-07-23 18:26:00,1.14177,1.14179,1.14166,1.14169
2026-07-23 18:25:00,1.14182,1.14182,1.14173,1.14175
2026-07-23 18:24:00,1.14185,1.14185,1.14176,1.14179
2026-07-23 18:23:00,1.14181,1.14189,1.14181,1.14188
2026-07-23 18:22:00,1.14175,1.14185,1.14175,1.14185
2026-07-23 18:21:00,1.14177,1.14185,1.14172,1.14173
2026-07-23 18:20:00,1.14179,1.14179,1.14176,1.14179
2026-07-23 18:19:00,1.14176,1.1418,1.14175,1.1418
2026-07-23 18:18:00,1.14183,1.14183,1.14173,1.14174
2026-07-23 18:17:00,1.14196,1.14196,1.14172,1.14176
2026-07-23 18:16:00,1.14207,1.14207,1.14179,1.14186
2026-07-23 18:15:00,1.14215,1.14215,1.14197,1.14201
2026-07-23 18:14:00,1.14232,1.14232,1.14203,1.14208
2026-07-23 18:13:00,1.1423,1.1424,1.14217,1.14237
2026-07-23 18:12:00,1.14232,1.14233,1.1423,1.1423
2026-07-23 18:11:00,1.14232,1.14234,1.14228,1.14234
2026-07-23 18:10:00,1.1424,1.1424,1.14226,1.14228
2026-07-23 18:09:00,1.14234,1.14243,1.14232,1.14242
2026-07-23 18:08:00,1.14223,1.1424,1.14223,1.14238
2026-07-23 18:07:00,1.14224,1.14238,1.14212,1.14216
2026-07-23 18:06:00,1.14231,1.14231,1.14218,1.14221
2026-07-23 18:05:00,1.14237,1.14237,1.14224,1.14227
2026-07-23 18:04:00,1.14237,1.1424,1.14228,1.1424
2026-07-23 18:03:00,1.14243,1.14243,1.14236,1.14236
2026-07-23 18:02:00,1.14247,1.14247,1.14235,1.14238
2026-07-23 18:01:00,1.1425,1.1425,1.14243,1.14244
2026-07-23 18:00:00,1.14251,1.14251,1.14247,1.14251
2026-07-23 17:59:00,1.1425,1.14252,1.14247,1.14252
2026-07-23 17:58:00,1.14243,1.14254,1.14243,1.14253
2026-07-23 17:57:00,1.14232,1.14249,1.14232,1.14248
2026-07-23 17:56:00,1.14231,1.14249,1.14218,1.14222
2026-07-23 17:55:00,1.14238,1.14238,1.14227,1.14229
2026-07-23 17:54:00,1.1425,1.1425,1.14231,1.14234
2026-07-23 17:53:00,1.14251,1.14256,1.14238,1.14242
2026-07-23 17:52:00,1.1424,1.14256,1.1424,1.14254
2026-07-23 17:51:00,1.14234,1.14253,1.14234,1.1425
2026-07-23 17:50:00,1.14223,1.14243,1.14223,1.1424
2026-07-23 17:49:00,1.14213,1.14235,1.14213,1.14231
2026-07-23 17:48:00,1.14221,1.14224,1.1421,1.14211
2026-07-23 17:47:00,1.14229,1.14229,1.14209,1.14213
2026-07-23 17:46:00,1.1423,1.14234,1.1422,1.1423
2026-07-23 17:45:00,1.14239,1.14239,1.14226,1.14227
2026-07-23 17:44:00,1.14251,1.14251,1.14229,1.14233
2026-07-23 17:43:00,1.14256,1.14256,1.14233,1.1424
2026-07-23 17:42:00,1.14259,1.14259,1.14253,1.14259
2026-07-23 17:41:00,1.1426,1.1426,1.14257,1.1426
2026-07-23 17:40:00,1.14268,1.14268,1.14256,1.14258
2026-07-23 17:39:00,1.14264,1.1427,1.14253,1.1427
2026-07-23 17:38:00,1.14266,1.14271,1.14263,1.14264
2026-07-23 17:37:00,1.14267,1.14268,1.14262,1.14268
2026-07-23 17:36:00,1.14271,1.14271,1.1426,1.14262
2026-07-23 17:35:00,1.14268,1.14274,1.1426,1.14274
2026-07-23 17:34:00,1.14256,1.14276,1.14256,1.14272
2026-07-23 17:33:00,1.14255,1.14265,1.14255,1.14263
2026-07-23 17:32:00,1.14261,1.14262,1.1425,1.14251
2026-07-23 17:31:00,1.14255,1.14264,1.14252,1.14263
2026-07-23 17:30:00,1.14248,1.14263,1.14248,1.1426
2026-07-23 17:29:00,1.14255,1.14256,1.14245,1.14247
2026-07-23 17:28:00,1.14259,1.14259,1.14245,1.14249
2026-07-23 17:27:00,1.14249,1.14264,1.14249,1.14263
2026-07-23 17:26:00,1.1425,1.1426,1.1425,1.14257
2026-07-23 17:25:00,1.14264,1.14264,1.14244,1.14246
2026-07-23 17:24:00,1.14268,1.14275,1.14248,1.14254
2026-07-23 17:23:00,1.14267,1.14271,1.14261,1.1427
2026-07-23 17:22:00,1.14269,1.1427,1.1426,1.1427
2026-07-23 17:21:00,1.1427,1.14271,1.14261,1.14264
2026-07-23 17:20:00,1.14265,1.14273,1.14265,1.14273
2026-07-23 17:19:00,1.14271,1.14272,1.14261,1.14262
2026-07-23 17:18:00,1.14271,1.14271,1.14262,1.14271
2026-07-23 17:17:00,1.14269,1.14272,1.14264,1.14272
2026-07-23 17:16:00,1.14255,1.14275,1.14255,1.14273
2026-07-23 17:15:00,1.14254,1.14267,1.14254,1.14264
2026-07-23 17:14:00,1.14244,1.14262,1.14244,1.14259
2026-07-23 17:13:00,1.14247,1.14257,1.14245,1.14254
2026-07-23 17:12:00,1.14237,1.1425,1.14237,1.14249
2026-07-23 17:11:00,1.14234,1.14247,1.14234,1.14245
2026-07-23 17:10:00,1.14231,1.14242,1.14231,1.14239
2026-07-23 17:09:00,1.14236,1.14236,1.1423,1.14231
2026-07-23 17:08:00,1.14233,1.14238,1.14232,1.14238
2026-07-23 17:07:00,1.14231,1.1424,1.14231,1.14238
2026-07-23 17:06:00,1.14233,1.14233,1.1423,1.14233
2026-07-23 17:05:00,1.14247,1.14247,1.14226,1.14228
2026-07-23 17:04:00,1.14252,1.14256,1.14231,1.14237
2026-07-23 17:03:00,1.14258,1.14258,1.14247,1.14249
2026-07-23 17:02:00,1.14254,1.14261,1.14253,1.14261
2026-07-23 17:01:00,1.14255,1.14261,1.14249,1.1425
2026-07-23 17:00:00,1.1425,1.14258,1.1425,1.14258
2026-07-23 16:59:00,1.14248,1.14257,1.14248,1.14254
2026-07-23 16:58:00,1.14248,1.14252,1.14248,1.14251
2026-07-23 16:57:00,1.14252,1.14252,1.14247,1.14248
2026-07-23 16:56:00,1.14263,1.14263,1.14245,1.14247
2026-07-23 16:55:00,1.14267,1.14271,1.1425,1.14255
2026-07-23 16:54:00,1.14274,1.14274,1.14261,1.14263
2026-07-23 16:53:00,1.14275,1.14278,1.14266,1.14277
2026-07-23 16:52:00,1.14277,1.14278,1.14274,1.14274
2026-07-23 16:51:00,1.14277,1.14279,1.14275,1.14279
2026-07-23 16:50:00,1.14275,1.1428,1.14275,1.14279
2026-07-23 16:49:00,1.14272,1.14278,1.14272,1.14278
2026-07-23 16:48:00,1.14271,1.14276,1.14271,1.14275
2026-07-23 16:47:00,1.1427,1.14275,1.1427,1.14274
2026-07-23 16:46:00,1.14271,1.14272,1.14269,1.14272
2026-07-23 16:45:00,1.1426,1.14275,1.1426,1.14273
2026-07-23 16:44:00,1.14259,1.1427,1.14259,1.14268
2026-07-23 16:43:00,1.14253,1.14267,1.14253,1.14264
2026-07-23 16:42:00,1.14259,1.14259,1.1425,1.14252
2026-07-23 16:41:00,1.14266,1.14266,1.14254,1.14256
2026-07-23 16:40:00,1.14268,1.14268,1.14257,1.14268
2026-07-23 16:39:00,1.14272,1.14272,1.14261,1.14263
2026-07-23 16:38:00,1.14267,1.14274,1.14267,1.14274
2026-07-23 16:37:00,1.1427,1.14272,1.14262,1.14264
2026-07-23 16:36:00,1.14272,1.14272,1.14261,1.14264
2026-07-23 16:35:00,1.14272,1.14274,1.14267,1.14274
2026-07-23 16:34:00,1.14275,1.14277,1.14269,1.1427
2026-07-23 16:33:00,1.14279,1.14279,1.1427,1.14272
2026-07-23 16:32:00,1.14284,1.14284,1.14271,1.14274
2026-07-23 16:31:00,1.14283,1.14286,1.14278,1.14286
2026-07-23 16:30:00,1.14286,1.14287,1.14277,1.14279
2026-07-23 16:29:00,1.14289,1.14289,1.14277,1.14281
2026-07-23 16:28:00,1.14287,1.1429,1.1428,1.1429
2026-07-23 16:27:00,1.14295,1.14295,1.14283,1.14285
2026-07-23 16:26:00,1.14296,1.143,1.14286,1.14296
2026-07-23 16:25:00,1.14301,1.14301,1.14295,1.14295
2026-07-23 16:24:00,1.143,1.14305,1.14295,1.14304
2026-07-23 16:23:00,1.14295,1.14306,1.14295,1.14304
2026-07-23 16:22:00,1.14293,1.143,1.14293,1.143
2026-07-23 16:21:00,1.14303,1.14303,1.14289,1.1429
2026-07-23 16:20:00,1.14306,1.14307,1.14292,1.14296
2026-07-23 16:19:00,1.14311,1.14311,1.14303,1.14304
2026-07-23 16:18:00,1.14314,1.14314,1.14303,1.14306
2026-07-23 16:17:00,1.14316,1.14316,1.14309,1.14311
2026-07-23 16:16:00,1.14314,1.14318,1.14312,1.14317
2026-07-23 16:15:00,1.14309,1.14316,1.14309,1.14316
2026-07-23 16:14:00,1.14311,1.14319,1.14302,1.14304
2026-07-23 16:13:00,1.14311,1.14313,1.14305,1.14313
2026-07-23 16:12:00,1.14296,1.14316,1.14296,1.14314
2026-07-23 16:11:00,1.14295,1.14311,1.14295,1.14308
2026-07-23 16:10:00,1.14293,1.14302,1.14292,1.14299
2026-07-23 16:09:00,1.14298,1.14298,1.14291,1.14292
2026-07-23 16:08:00,1.1431,1.1431,1.14287,1.14291
2026-07-23 16:07:00,1.14311,1.14311,1.14297,1.14311
2026-07-23 16:06:00,1.1432,1.1432,1.14307,1.14309
2026-07-23 16:05:00,1.14315,1.14324,1.14309,1.14323
2026-07-23 16:04:00,1.14319,1.14329,1.14314,1.14315
2026-07-23 16:03:00,1.14314,1.14322,1.14314,1.14321
2026-07-23 16:02:00,1.1431,1.1432,1.1431,1.14319
2026-07-23 16:01:00,1.14307,1.1432,1.14303,1.14316
2026-07-23 16:00:00,1.14306,1.1431,1.14301,1.1431
2026-07-23 15:59:00,1.14305,1.1431,1.14305,1.14309
2026-07-23 15:58:00,1.14313,1.14313,1.14303,1.14304
2026-07-23 15:57:00,1.14302,1.14318,1.14302,1.14317
2026-07-23 15:56:00,1.143,1.14317,1.14294,1.14312
2026-07-23 15:55:00,1.143,1.14302,1.14296,1.14302
2026-07-23 15:54:00,1.14297,1.14305,1.14297,1.14303
2026-07-23 15:53:00,1.14298,1.143,1.14297,1.143
2026-07-23 15:52:00,1.143,1.14303,1.14295,1.14296
2026-07-23 15:51:00,1.14305,1.14305,1.14295,1.14298
2026-07-23 15:50:00,1.14302,1.14307,1.14299,1.14306
2026-07-23 15:49:00,1.14304,1.14306,1.14303,1.14304
2026-07-23 15:48:00,1.14305,1.14305,1.14304,1.14304
2026-07-23 15:47:00,1.14302,1.14307,1.14302,1.14307
2026-07-23 15:46:00,1.143,1.14307,1.143,1.14306
2026-07-23 15:45:00,1.14298,1.14306,1.14298,1.14304
2026-07-23 15:44:00,1.14298,1.143,1.14297,1.143
2026-07-23 15:43:00,1.14301,1.14303,1.14292,1.14294
2026-07-23 15:42:00,1.143,1.14303,1.14294,1.14303
2026-07-23 15:41:00,1.14309,1.14309,1.14296,1.14297
2026-07-23 15:40:00,1.14307,1.14313,1.14299,1.14312
2026-07-23 15:39:00,1.14304,1.1431,1.14304,1.14309
2026-07-23 15:38:00,1.14298,1.14308,1.14298,1.14307
2026-07-23 15:37:00,1.14299,1.14305,1.14297,1.14299
2026-07-23 15:36:00,1.143,1.14301,1.14292,1.143
2026-07-23 15:35:00,1.14298,1.14302,1.14298,1.14302
2026-07-23 15:34:00,1.14298,1.14305,1.14294,1.14298
2026-07-23 15:33:00,1.14301,1.14301,1.14291,1.14294
2026-07-23 15:32:00,1.14304,1.14304,1.1429,1.14294
2026-07-23 15:31:00,1.14302,1.14306,1.14296,1.14306
2026-07-23 15:30:00,1.14299,1.14307,1.14299,1.14305
2026-07-23 15:29:00,1.14297,1.14303,1.14297,1.14303
2026-07-23 15:28:00,1.14295,1.14302,1.14295,1.143
2026-07-23 15:27:00,1.14297,1.14299,1.14295,1.14295
2026-07-23 15:26:00,1.14295,1.14298,1.14294,1.14298
2026-07-23 15:25:00,1.14296,1.14301,1.14293,1.14294
2026-07-23 15:24:00,1.14302,1.14302,1.14291,1.14293
2026-07-23 15:23:00,1.14311,1.14311,1.14295,1.14298
2026-07-23 15:22:00,1.14305,1.14318,1.14302,1.14316
2026-07-23 15:21:00,1.14302,1.14315,1.14298,1.14311
2026-07-23 15:20:00,1.14304,1.14305,1.14301,1.14305
2026-07-23 15:19:00,1.14307,1.14307,1.14303,1.14303
2026-07-23 15:18:00,1.14309,1.14309,1.14301,1.14309
2026-07-23 15:17:00,1.14321,1.14321,1.14304,1.14306
2026-07-23 15:16:00,1.14337,1.14337,1.14308,1.14313
2026-07-23 15:15:00,1.14337,1.14346,1.14321,1.14337
2026-07-23 15:14:00,1.14338,1.1434,1.14335,1.14335
2026-07-23 15:13:00,1.14342,1.14342,1.1433,1.14333
2026-07-23 15:12:00,1.14345,1.14345,1.14335,1.14337
2026-07-23 15:11:00,1.14342,1.14347,1.14341,1.14347
2026-07-23 15:10:00,1.14346,1.14349,1.14339,1.1434
2026-07-23 15:09:00,1.1434,1.14347,1.14339,1.14347
2026-07-23 15:08:00,1.14336,1.14348,1.14336,1.14345
2026-07-23 15:07:00,1.1434,1.14342,1.14329,1.14332
2026-07-23 15:06:00,1.14337,1.14342,1.14334,1.14342
2026-07-23 15:05:00,1.14345,1.14345,1.14334,1.14335
2026-07-23 15:04:00,1.14346,1.1435,1.14331,1.14346
2026-07-23 15:03:00,1.14343,1.14349,1.14339,1.14348
2026-07-23 15:02:00,1.14334,1.14348,1.14334,1.14347
2026-07-23 15:01:00,1.14328,1.14348,1.1432,1.14342
2026-07-23 15:00:00,1.14319,1.14331,1.14319,1.14331
2026-07-23 14:59:00,1.14307,1.14332,1.14307,1.14327
2026-07-23 14:58:00,1.14311,1.14318,1.14307,1.14308
2026-07-23 14:57:00,1.14321,1.14321,1.14303,1.14306
2026-07-23 14:56:00,1.14321,1.14322,1.14312,1.14322
2026-07-23 14:55:00,1.14321,1.14322,1.1432,1.14322
2026-07-23 14:54:00,1.14326,1.14326,1.14318,1.14319
2026-07-23 14:53:00,1.14327,1.1433,1.14318,1.14327
2026-07-23 14:52:00,1.14328,1.1433,1.14321,1.14323
2026-07-23 14:51:00,1.14328,1.1433,1.14322,1.1433
2026-07-23 14:50:00,1.1434,1.1434,1.14324,1.14325
2026-07-23 14:49:00,1.1433,1.14345,1.14322,1.14343
2026-07-23 14:48:00,1.14322,1.14341,1.14322,1.14337
2026-07-23 14:47:00,1.14322,1.1433,1.1432,1.14328
2026-07-23 14:46:00,1.14327,1.14327,1.1432,1.14321
2026-07-23 14:45:00,1.14328,1.14328,1.1432,1.14328
2026-07-23 14:44:00,1.14327,1.1433,1.14321,1.1433
2026-07-23 14:43:00,1.1433,1.14333,1.14324,1.14325
2026-07-23 14:42:00,1.14336,1.14336,1.14321,1.14325
2026-07-23 14:41:00,1.14341,1.14341,1.14322,1.14327
2026-07-23 14:40:00,1.14343,1.14343,1.14331,1.14343
2026-07-23 14:39:00,1.14345,1.14345,1.14334,1.14337
2026-07-23 14:38:00,1.14348,1.14348,1.14342,1.14344
2026-07-23 14:37:00,1.14351,1.14351,1.14342,1.14344
2026-07-23 14:36:00,1.14354,1.14354,1.14345,1.14347
2026-07-23 14:35:00,1.14358,1.14358,1.14343,1.14347
2026-07-23 14:34:00,1.14349,1.14363,1.14348,1.14362
2026-07-23 14:33:00,1.14348,1.14358,1.14348,1.14356
2026-07-23 14:32:00,1.14351,1.14355,1.14341,1.14343
2026-07-23 14:31:00,1.14347,1.14354,1.14343,1.14354
2026-07-23 14:30:00,1.14342,1.14356,1.14342,1.14352
2026-07-23 14:29:00,1.1434,1.14346,1.14339,1.14346
2026-07-23 14:28:00,1.14336,1.14346,1.14336,1.14344
2026-07-23 14:27:00,1.1433,1.14341,1.1433,1.1434
2026-07-23 14:26:00,1.14325,1.14338,1.14325,1.14335
2026-07-23 14:25:00,1.14321,1.14333,1.14321,1.14331
2026-07-23 14:24:00,1.1432,1.14324,1.1432,1.14324
2026-07-23 14:23:00,1.14313,1.14327,1.14313,1.14325
2026-07-23 14:22:00,1.14311,1.14318,1.14311,1.14317
2026-07-23 14:21:00,1.1431,1.14319,1.14307,1.1431
2026-07-23 14:20:00,1.14317,1.14317,1.14307,1.14309
2026-07-23 14:19:00,1.1434,1.1434,1.14307,1.14311
2026-07-23 14:18:00,1.1434,1.14347,1.14311,1.14321
2026-07-23 14:17:00,1.14339,1.14341,1.14337,1.14341
2026-07-23 14:16:00,1.14342,1.14342,1.14335,1.14337
2026-07-23 14:15:00,1.1435,1.1435,1.14334,1.14337
2026-07-23 14:14:00,1.1435,1.14351,1.14338,1.14351
2026-07-23 14:13:00,1.1435,1.14352,1.14346,1.14352
2026-07-23 14:12:00,1.14343,1.14355,1.14343,1.14353
2026-07-23 14:11:00,1.14342,1.14349,1.14342,1.14348
2026-07-23 14:10:00,1.14327,1.14349,1.14327,1.14346
2026-07-23 14:09:00,1.14306,1.14342,1.14306,1.14339
2026-07-23 14:08:00,1.1429,1.14333,1.14287,1.14322
2026-07-23 14:07:00,1.14292,1.14303,1.14291,1.14299
2026-07-23 14:06:00,1.14295,1.14295,1.14288,1.1429
2026-07-23 14:05:00,1.14294,1.14296,1.14291,1.14296
2026-07-23 14:04:00,1.14294,1.14296,1.1429,1.14296
2026-07-23 14:03:00,1.1429,1.14299,1.1429,1.14297
2026-07-23 14:02:00,1.14292,1.14293,1.1429,1.14293
2026-07-23 14:01:00,1.14299,1.14299,1.14287,1.14288
2026-07-23 14:00:00,1.143,1.14303,1.14286,1.143
2026-07-23 13:59:00,1.14302,1.14302,1.14295,1.14297
2026-07-23 13:58:00,1.14301,1.14304,1.14296,1.14304
2026-07-23 13:57:00,1.14299,1.14305,1.14296,1.14304
2026-07-23 13:56:00,1.14301,1.14303,1.14295,1.14297
2026-07-23 13:55:00,1.143,1.14302,1.14292,1.14302
2026-07-23 13:54:00,1.143,1.14305,1.14294,1.143
2026-07-23 13:53:00,1.14299,1.14302,1.14295,1.14302
2026-07-23 13:52:00,1.14299,1.14305,1.14294,1.14299
2026-07-23 13:51:00,1.14295,1.14301,1.14295,1.14301
2026-07-23 13:50:00,1.14293,1.14304,1.14289,1.14293
2026-07-23 13:49:00,1.14294,1.14295,1.14292,1.14295
2026-07-23 13:48:00,1.14302,1.14302,1.1429,1.14291
2026-07-23 13:47:00,1.14301,1.14304,1.14288,1.14304
2026-07-23 13:46:00,1.14297,1.14303,1.14297,1.14303
2026-07-23 13:45:00,1.14299,1.14304,1.14296,1.14297
2026-07-23 13:44:00,1.143,1.143,1.14294,1.143
2026-07-23 13:43:00,1.14298,1.14303,1.14295,1.14302
2026-07-23 13:42:00,1.14297,1.14301,1.14295,1.14301
2026-07-23 13:41:00,1.14299,1.14304,1.14292,1.14293
2026-07-23 13:40:00,1.14299,1.14301,1.14294,1.14301
2026-07-23 13:39:00,1.14296,1.14303,1.14294,1.14301
2026-07-23 13:38:00,1.14293,1.14299,1.14292,1.14299
2026-07-23 13:37:00,1.14293,1.14299,1.1429,1.14291
2026-07-23 13:36:00,1.1429,1.14294,1.14288,1.14294
2026-07-23 13:35:00,1.14282,1.14294,1.14282,1.14293
2026-07-23 13:34:00,1.14281,1.14293,1.14277,1.14289
2026-07-23 13:33:00,1.14283,1.14283,1.14278,1.14283
2026-07-23 13:32:00,1.14288,1.14288,1.14277,1.14279
2026-07-23 13:31:00,1.14287,1.14291,1.14279,1.1429
2026-07-23 13:30:00,1.14283,1.14292,1.14282,1.1429
2026-07-23 13:29:00,1.14282,1.14286,1.1428,1.14286
2026-07-23 13:28:00,1.14278,1.14287,1.14277,1.14285
2026-07-23 13:27:00,1.14281,1.14282,1.14275,1.14277
2026-07-23 13:26:00,1.14279,1.14283,1.14273,1.14283
2026-07-23 13:25:00,1.14279,1.14284,1.14275,1.14283
2026-07-23 13:24:00,1.14276,1.14281,1.14274,1.14281
2026-07-23 13:23:00,1.14273,1.14284,1.14271,1.14281
2026-07-23 13:22:00,1.14269,1.14275,1.14269,1.14275
2026-07-23 13:21:00,1.14264,1.14278,1.14263,1.14274
2026-07-23 13:20:00,1.14266,1.14268,1.14262,1.14268
2026-07-23 13:19:00,1.14256,1.1427,1.14256,1.14268
2026-07-23 13:18:00,1.14251,1.14265,1.14251,1.14263
2026-07-23 13:17:00,1.14241,1.14261,1.14241,1.14257
2026-07-23 13:16:00,1.14249,1.14251,1.14237,1.14239
2026-07-23 13:15:00,1.14253,1.14253,1.14236,1.14241
2026-07-23 13:14:00,1.14262,1.14262,1.14243,1.14247
2026-07-23 13:13:00,1.14264,1.14268,1.14248,1.14253
2026-07-23 13:12:00,1.14268,1.14268,1.1426,1.14261
2026-07-23 13:11:00,1.14264,1.1427,1.1426,1.1427
2026-07-23 13:10:00,1.14262,1.14272,1.14258,1.14262
2026-07-23 13:09:00,1.14265,1.14265,1.14261,1.14265
2026-07-23 13:08:00,1.14267,1.14267,1.14257,1.1426
2026-07-23 13:07:00,1.14268,1.14269,1.14261,1.14269
2026-07-23 13:06:00,1.14272,1.14272,1.14261,1.14263
2026-07-23 13:05:00,1.1428,1.1428,1.14262,1.14266
2026-07-23 13:04:00,1.14282,1.14283,1.14265,1.1427
2026-07-23 13:03:00,1.14287,1.14287,1.14277,1.14279
2026-07-23 13:02:00,1.14287,1.1429,1.14278,1.14289
2026-07-23 13:01:00,1.14278,1.14291,1.14278,1.14289
2026-07-23 13:00:00,1.14276,1.14285,1.14276,1.14284
2026-07-23 12:59:00,1.14267,1.14284,1.14267,1.14281
2026-07-23 12:58:00,1.1427,1.14274,1.14267,1.14273
2026-07-23 12:57:00,1.1427,1.14272,1.14262,1.14264
2026-07-23 12:56:00,1.14267,1.14271,1.14265,1.14271
2026-07-23 12:55:00,1.14264,1.14271,1.14264,1.1427
2026-07-23 12:54:00,1.14266,1.1427,1.14262,1.14263
2026-07-23 12:53:00,1.14265,1.14268,1.14257,1.14268
2026-07-23 12:52:00,1.14267,1.14271,1.14261,1.14262
2026-07-23 12:51:00,1.14267,1.14269,1.14262,1.14269
2026-07-23 12:50:00,1.14264,1.14272,1.14261,1.1427
2026-07-23 12:49:00,1.14268,1.14268,1.14262,1.14264
2026-07-23 12:48:00,1.14264,1.14271,1.14257,1.1427
2026-07-23 12:47:00,1.1426,1.14269,1.1426,1.14268
2026-07-23 12:46:00,1.14258,1.14268,1.14254,1.14265
2026-07-23 12:45:00,1.14259,1.14261,1.14252,1.14259
2026-07-23 12:44:00,1.14254,1.14261,1.14252,1.14261
2026-07-23 12:43:00,1.14249,1.14262,1.14249,1.14259
2026-07-23 12:42:00,1.14245,1.14253,1.14245,1.14252
2026-07-23 12:41:00,1.1424,1.14254,1.14238,1.1425
2026-07-23 12:40:00,1.14242,1.14243,1.14237,1.14243
2026-07-23 12:39:00,1.14245,1.14246,1.14233,1.14236
2026-07-23 12:38:00,1.14242,1.14247,1.14237,1.14247
2026-07-23 12:37:00,1.14234,1.14249,1.14234,1.14246
2026-07-23 12:36:00,1.14235,1.14242,1.14233,1.1424
2026-07-23 12:35:00,1.14221,1.14241,1.14221,1.14239
2026-07-23 12:34:00,1.14219,1.14238,1.14216,1.14232
2026-07-23 12:33:00,1.14217,1.14221,1.14211,1.14221
2026-07-23 12:32:00,1.14209,1.14224,1.14209,1.14221
2026-07-23 12:31:00,1.14202,1.14215,1.14202,1.14214
2026-07-23 12:30:00,1.142,1.14215,1.14189,1.14193
2026-07-23 12:29:00,1.142,1.14202,1.14198,1.14202
2026-07-23 12:28:00,1.14202,1.14204,1.14194,1.14196
2026-07-23 12:27:00,1.14201,1.14204,1.14197,1.14204
2026-07-23 12:26:00,1.14201,1.14204,1.14197,1.14201
2026-07-23 12:25:00,1.14193,1.14205,1.14193,1.14204
2026-07-23 12:24:00,1.1419,1.14202,1.1419,1.14199
2026-07-23 12:23:00,1.14189,1.14197,1.14185,1.14195
2026-07-23 12:22:00,1.1419,1.14191,1.14184,1.14191
2026-07-23 12:21:00,1.14187,1.14194,1.14185,1.14192
2026-07-23 12:20:00,1.14185,1.1419,1.14184,1.1419
2026-07-23 12:19:00,1.14185,1.14193,1.14182,1.14183
2026-07-23 12:18:00,1.14186,1.14188,1.1418,1.14188
2026-07-23 12:17:00,1.14187,1.14189,1.14181,1.14182
2026-07-23 12:16:00,1.14186,1.14189,1.14181,1.14189
2026-07-23 12:15:00,1.14179,1.14189,1.14179,1.14188
2026-07-23 12:14:00,1.14178,1.14188,1.14177,1.14185
2026-07-23 12:13:00,1.1418,1.1418,1.14173,1.14175
2026-07-23 12:12:00,1.14181,1.14182,1.14175,1.14177
2026-07-23 12:11:00,1.14183,1.14183,1.14177,1.14183
2026-07-23 12:10:00,1.1418,1.14186,1.14179,1.14185
2026-07-23 12:09:00,1.1418,1.14183,1.14177,1.14183
2026-07-23 12:08:00,1.14181,1.14185,1.14176,1.14177
2026-07-23 12:07:00,1.14177,1.14183,1.14176,1.14183
2026-07-23 12:06:00,1.14178,1.14184,1.14174,1.14175
2026-07-23 12:05:00,1.14178,1.14179,1.14176,1.14179
2026-07-23 12:04:00,1.14177,1.14179,1.14175,1.14179
2026-07-23 12:03:00,1.1417,1.14181,1.1417,1.1418
2026-07-23 12:02:00,1.14169,1.14176,1.14169,1.14175
2026-07-23 12:01:00,1.14164,1.14176,1.14164,1.14173
2026-07-23 12:00:00,1.14168,1.14168,1.14163,1.14164
2026-07-23 11:59:00,1.1417,1.1417,1.14164,1.14165
2026-07-23 11:58:00,1.14172,1.14173,1.14166,1.14173
2026-07-23 11:57:00,1.14173,1.14174,1.14164,1.14167
2026-07-23 11:56:00,1.14175,1.14175,1.14172,1.14175
2026-07-23 11:55:00,1.14174,1.14175,1.14173,1.14175
2026-07-23 11:54:00,1.14172,1.14177,1.14172,1.14176
2026-07-23 11:53:00,1.14177,1.14177,1.1417,1.14171
2026-07-23 11:52:00,1.14173,1.14179,1.14168,1.14178
2026-07-23 11:51:00,1.14166,1.14177,1.14166,1.14176
2026-07-23 11:50:00,1.14167,1.14179,1.14155,1.14158
2026-07-23 11:49:00,1.14169,1.14169,1.14162,1.14169
2026-07-23 11:48:00,1.14174,1.14174,1.14168,1.14168
2026-07-23 11:47:00,1.14177,1.14177,1.14168,1.14171
2026-07-23 11:46:00,1.14188,1.14188,1.14173,1.14174
2026-07-23 11:45:00,1.14192,1.14192,1.14177,1.14181
2026-07-23 11:44:00,1.14197,1.14197,1.14184,1.14187
2026-07-23 11:43:00,1.14192,1.142,1.14188,1.14199
2026-07-23 11:42:00,1.14182,1.14197,1.14182,1.14196
2026-07-23 11:41:00,1.14181,1.14197,1.1417,1.14181
2026-07-23 11:40:00,1.14186,1.14186,1.14172,1.14176
2026-07-23 11:39:00,1.14199,1.14199,1.14179,1.14181
2026-07-23 11:38:00,1.14199,1.14207,1.14184,1.14199
2026-07-23 11:37:00,1.14199,1.14201,1.14192,1.14199
2026-07-23 11:36:00,1.14197,1.14201,1.14196,1.14201
2026-07-23 11:35:00,1.14191,1.14202,1.14191,1.142
2026-07-23 11:34:00,1.14183,1.14198,1.14183,1.14196
2026-07-23 11:33:00,1.14182,1.14192,1.14182,1.14189
2026-07-23 11:32:00,1.14187,1.14187,1.14177,1.14179
2026-07-23 11:31:00,1.1418,1.14191,1.14179,1.1419
2026-07-23 11:30:00,1.14182,1.14192,1.14171,1.14174
2026-07-23 11:29:00,1.14184,1.14185,1.14172,1.14184
2026-07-23 11:28:00,1.14178,1.14187,1.14178,1.14186
2026-07-23 11:27:00,1.14179,1.14183,1.14179,1.14182
2026-07-23 11:26:00,1.14182,1.14183,1.14172,1.14174
2026-07-23 11:25:00,1.14181,1.14184,1.14173,1.14184
2026-07-23 11:24:00,1.14181,1.14183,1.14181,1.14181
2026-07-23 11:23:00,1.14177,1.14184,1.14176,1.14183
2026-07-23 11:22:00,1.14174,1.14181,1.14173,1.1418
2026-07-23 11:21:00,1.1418,1.14182,1.1417,1.14171
2026-07-23 11:20:00,1.1418,1.14185,1.1417,1.14184
2026-07-23 11:19:00,1.14179,1.14184,1.14173,1.14179
2026-07-23 11:18:00,1.1418,1.14181,1.14171,1.14181
2026-07-23 11:17:00,1.14175,1.14183,1.14171,1.14182
2026-07-23 11:16:00,1.14178,1.14179,1.14175,1.14178
2026-07-23 11:15:00,1.14187,1.14187,1.14172,1.14174
2026-07-23 11:14:00,1.14183,1.14188,1.14179,1.14188
2026-07-23 11:13:00,1.1418,1.14187,1.1418,1.14186
2026-07-23 11:12:00,1.14184,1.14187,1.14176,1.14178
2026-07-23 11:11:00,1.14185,1.14186,1.14175,1.14185
2026-07-23 11:10:00,1.14187,1.14188,1.14181,1.14182
2026-07-23 11:09:00,1.14179,1.1419,1.14179,1.1419
2026-07-23 11:08:00,1.14183,1.14191,1.14168,1.14171
2026-07-23 11:07:00,1.14182,1.14186,1.14167,1.14185
2026-07-23 11:06:00,1.14183,1.14186,1.14177,1.14178
2026-07-23 11:05:00,1.14185,1.14185,1.14175,1.14185
2026-07-23 11:04:00,1.14197,1.14197,1.14177,1.1418
2026-07-23 11:03:00,1.14197,1.14197,1.14183,1.14197
2026-07-23 11:02:00,1.14185,1.14203,1.14185,1.14201
2026-07-23 11:01:00,1.14165,1.14201,1.14165,1.14195
2026-07-23 11:00:00,1.14158,1.14182,1.14158,1.14178
2026-07-23 10:59:00,1.14144,1.14173,1.14142,1.14167
2026-07-23 10:58:00,1.14145,1.14154,1.14145,1.14152
2026-07-23 10:57:00,1.14145,1.14151,1.1414,1.14141
2026-07-23 10:56:00,1.14136,1.1415,1.14136,1.14149
2026-07-23 10:55:00,1.14122,1.14148,1.14122,1.14143
2026-07-23 10:54:00,1.14126,1.14135,1.14121,1.14122
2026-07-23 10:53:00,1.14125,1.14127,1.14123,1.14127
2026-07-23 10:52:00,1.14128,1.1413,1.14124,1.14124
2026-07-23 10:51:00,1.14129,1.14129,1.14124,1.14129
2026-07-23 10:50:00,1.14133,1.14133,1.14125,1.14126
2026-07-23 10:49:00,1.14135,1.14136,1.14127,1.14135
2026-07-23 10:48:00,1.14142,1.14142,1.14128,1.1413
2026-07-23 10:47:00,1.14138,1.14146,1.1413,1.14145
2026-07-23 10:46:00,1.14138,1.14145,1.14134,1.14135
2026-07-23 10:45:00,1.14137,1.1414,1.14134,1.1414
2026-07-23 10:44:00,1.14134,1.1414,1.14134,1.14139
2026-07-23 10:43:00,1.14131,1.14139,1.14131,1.14138
2026-07-23 10:42:00,1.14131,1.14135,1.1413,1.14134
2026-07-23 10:41:00,1.14129,1.14136,1.14125,1.14134
2026-07-23 10:40:00,1.14132,1.14132,1.14125,1.14132
2026-07-23 10:39:00,1.14132,1.14135,1.14125,1.14132
2026-07-23 10:38:00,1.1413,1.14135,1.14129,1.14135
2026-07-23 10:37:00,1.14128,1.14137,1.14128,1.14134
2026-07-23 10:36:00,1.14125,1.1413,1.14125,1.1413
2026-07-23 10:35:00,1.14126,1.14131,1.14123,1.14123
2026-07-23 10:34:00,1.14121,1.14128,1.14121,1.14128
2026-07-23 10:33:00,1.14122,1.14127,1.1412,1.14122
2026-07-23 10:32:00,1.14123,1.14124,1.14121,1.14123
2026-07-23 10:31:00,1.14125,1.14125,1.14121,1.14122
2026-07-23 10:30:00,1.14133,1.14133,1.1412,1.14122
2026-07-23 10:29:00,1.14138,1.14139,1.14119,1.14124
2026-07-23 10:28:00,1.1414,1.1414,1.14125,1.1413
2026-07-23 10:27:00,1.14137,1.14143,1.14134,1.14143
2026-07-23 10:26:00,1.14125,1.14144,1.14125,1.14141
2026-07-23 10:25:00,1.14131,1.14136,1.14123,1.14125
2026-07-23 10:24:00,1.14125,1.14136,1.1412,1.14135
2026-07-23 10:23:00,1.14116,1.14134,1.14116,1.14131
2026-07-23 10:22:00,1.14113,1.14126,1.14113,1.14123
2026-07-23 10:21:00,1.14113,1.1412,1.14111,1.14113
2026-07-23 10:20:00,1.14116,1.14116,1.1411,1.14111
2026-07-23 10:19:00,1.14113,1.14119,1.14112,1.14118
2026-07-23 10:18:00,1.14112,1.14117,1.14112,1.14117
2026-07-23 10:17:00,1.14114,1.14119,1.14108,1.14109
2026-07-23 10:16:00,1.14116,1.14116,1.14111,1.14116
2026-07-23 10:15:00,1.14121,1.14121,1.14115,1.14115
2026-07-23 10:14:00,1.14122,1.14122,1.14112,1.14122
2026-07-23 10:13:00,1.14122,1.14123,1.14119,1.14123
2026-07-23 10:12:00,1.14127,1.14127,1.14119,1.1412
2026-07-23 10:11:00,1.14132,1.14132,1.14119,1.14122
2026-07-23 10:10:00,1.14133,1.14133,1.1412,1.14124
2026-07-23 10:09:00,1.14133,1.14135,1.14129,1.14135
2026-07-23 10:08:00,1.14132,1.14138,1.14125,1.14132
2026-07-23 10:07:00,1.14132,1.14135,1.14128,1.14135
2026-07-23 10:06:00,1.14134,1.14137,1.14128,1.14129
2026-07-23 10:05:00,1.14133,1.14136,1.14129,1.14136
2026-07-23 10:04:00,1.14133,1.14137,1.14129,1.14133
2026-07-23 10:03:00,1.14127,1.14135,1.14127,1.14135
2026-07-23 10:02:00,1.14122,1.14134,1.14122,1.14132
2026-07-23 10:01:00,1.14115,1.1413,1.14115,1.14127
2026-07-23 10:00:00,1.14117,1.14121,1.14115,1.1412
2026-07-23 09:59:00,1.14113,1.14121,1.14113,1.1412
2026-07-23 09:58:00,1.14112,1.14116,1.14112,1.14116
2026-07-23 09:57:00,1.14109,1.14118,1.14109,1.14116
2026-07-23 09:56:00,1.14109,1.14112,1.14109,1.14112
2026-07-23 09:55:00,1.14108,1.14114,1.14106,1.14108
2026-07-23 09:54:00,1.14109,1.1411,1.14107,1.1411
2026-07-23 09:53:00,1.1411,1.1411,1.14106,1.14107
2026-07-23 09:52:00,1.14112,1.14112,1.14106,1.14108
2026-07-23 09:51:00,1.14113,1.14114,1.14108,1.14114
2026-07-23 09:50:00,1.1411,1.14117,1.14106,1.14116
2026-07-23 09:49:00,1.1411,1.14114,1.1411,1.14113
2026-07-23 09:48:00,1.14111,1.14115,1.1411,1.1411
2026-07-23 09:47:00,1.14109,1.14114,1.14109,1.14114
2026-07-23 09:46:00,1.1411,1.14116,1.14106,1.14107
2026-07-23 09:45:00,1.14107,1.14112,1.14107,1.14112
2026-07-23 09:44:00,1.14101,1.14113,1.14101,1.14111
2026-07-23 09:43:00,1.14102,1.14108,1.14102,1.14106
2026-07-23 09:42:00,1.14104,1.14104,1.14101,1.14102
2026-07-23 09:41:00,1.14105,1.14105,1.14101,1.14102
2026-07-23 09:40:00,1.14107,1.14108,1.14103,1.14107
2026-07-23 09:39:00,1.14111,1.14111,1.14103,1.14104
2026-07-23 09:38:00,1.14109,1.14113,1.14103,1.14113
2026-07-23 09:37:00,1.14109,1.1412,1.14108,1.14108
2026-07-23 09:36:00,1.1411,1.14117,1.14108,1.14115
2026-07-23 09:35:00,1.14106,1.14113,1.14106,1.14112
2026-07-23 09:34:00,1.14102,1.1411,1.14102,1.1411
2026-07-23 09:33:00,1.14101,1.1411,1.14101,1.14107
2026-07-23 09:32:00,1.14102,1.14104,1.14101,1.14104
2026-07-23 09:31:00,1.14101,1.14103,1.14101,1.14103
2026-07-23 09:30:00,1.141,1.14106,1.141,1.14104
2026-07-23 09:29:00,1.141,1.14102,1.14099,1.14102
2026-07-23 09:28:00,1.14098,1.14105,1.14095,1.14103
2026-07-23 09:27:00,1.141,1.14101,1.14098,1.14101
2026-07-23 09:26:00,1.14102,1.14103,1.14097,1.14098
2026-07-23 09:25:00,1.14101,1.14105,1.14097,1.14105
2026-07-23 09:24:00,1.141,1.14106,1.14098,1.141
2026-07-23 09:23:00,1.14102,1.14106,1.14099,1.14102
2026-07-23 09:22:00,1.14102,1.14108,1.14101,1.14106
2026-07-23 09:21:00,1.14102,1.14107,1.14102,1.14106
2026-07-23 09:20:00,1.14101,1.14104,1.14098,1.14104
2026-07-23 09:19:00,1.14094,1.14107,1.14094,1.14105
2026-07-23 09:18:00,1.14093,1.14102,1.14093,1.141
2026-07-23 09:17:00,1.14095,1.141,1.14089,1.1409
2026-07-23 09:16:00,1.14095,1.14097,1.1409,1.14097
2026-07-23 09:15:00,1.1409,1.14099,1.1409,1.14097
2026-07-23 09:14:00,1.14089,1.14095,1.14089,1.14094
2026-07-23 09:13:00,1.14088,1.14093,1.14085,1.14092
2026-07-23 09:12:00,1.14088,1.14091,1.14088,1.1409
2026-07-23 09:11:00,1.1409,1.1409,1.14082,1.14084
2026-07-23 09:10:00,1.14093,1.14093,1.14084,1.14086
2026-07-23 09:09:00,1.14093,1.14094,1.14086,1.14094
2026-07-23 09:08:00,1.1409,1.14097,1.14088,1.14095
2026-07-23 09:07:00,1.14089,1.14093,1.14089,1.14093
2026-07-23 09:06:00,1.14088,1.14095,1.14086,1.14088
2026-07-23 09:05:00,1.1409,1.14091,1.14088,1.14091
2026-07-23 09:04:00,1.14093,1.14093,1.14089,1.14089
2026-07-23 09:03:00,1.14089,1.14094,1.14089,1.14094
2026-07-23 09:02:00,1.14088,1.14094,1.14086,1.14093
2026-07-23 09:01:00,1.14081,1.14092,1.14081,1.14091
2026-07-23 09:00:00,1.14079,1.14088,1.14079,1.14086
2026-07-23 08:59:00,1.14081,1.14086,1.14076,1.14077
2026-07-23 08:58:00,1.14082,1.14083,1.14077,1.14083
2026-07-23 08:57:00,1.14083,1.14086,1.14077,1.14078
2026-07-23 08:56:00,1.1408,1.14085,1.1408,1.14085
2026-07-23 08:55:00,1.14071,1.14087,1.14071,1.14084
2026-07-23 08:54:00,1.14072,1.14079,1.14072,1.14077
2026-07-23 08:53:00,1.14069,1.14075,1.14069,1.14074
2026-07-23 08:52:00,1.14072,1.14073,1.14068,1.14069
2026-07-23 08:51:00,1.1407,1.14073,1.14065,1.14073
2026-07-23 08:50:00,1.14066,1.14076,1.14066,1.14074
2026-07-23 08:49:00,1.14064,1.14069,1.14064,1.14069
2026-07-23 08:48:00,1.14064,1.14071,1.1406,1.14061
2026-07-23 08:47:00,1.14065,1.14066,1.1406,1.14066
2026-07-23 08:46:00,1.14067,1.14069,1.14064,1.14064
2026-07-23 08:45:00,1.14067,1.14069,1.14063,1.14069
2026-07-23 08:44:00,1.14065,1.1407,1.14063,1.14069
2026-07-23 08:43:00,1.14067,1.14067,1.14064,1.14067
2026-07-23 08:42:00,1.14071,1.14071,1.14062,1.14064
2026-07-23 08:41:00,1.14075,1.14075,1.14063,1.14066
2026-07-23 08:40:00,1.14074,1.14077,1.14065,1.14077
2026-07-23 08:39:00,1.1408,1.1408,1.14072,1.14073
2026-07-23 08:38:00,1.14079,1.14084,1.14073,1.14083
2026-07-23 08:37:00,1.14079,1.14085,1.14078,1.14079
2026-07-23 08:36:00,1.14082,1.14082,1.14075,1.14082
2026-07-23 08:35:00,1.1408,1.14084,1.14076,1.14083
2026-07-23 08:34:00,1.1408,1.14083,1.1408,1.14083
2026-07-23 08:33:00,1.14082,1.14083,1.14078,1.14078
2026-07-23 08:32:00,1.1408,1.14083,1.14078,1.14083
2026-07-23 08:31:00,1.14079,1.14083,1.14079,1.14082
2026-07-23 08:30:00,1.14082,1.14083,1.14076,1.14077
2026-07-23 08:29:00,1.14084,1.14084,1.14075,1.14078
2026-07-23 08:28:00,1.14081,1.14086,1.14077,1.14085
2026-07-23 08:27:00,1.1408,1.14084,1.14076,1.14084
2026-07-23 08:26:00,1.14081,1.14086,1.14078,1.14078
2026-07-23 08:25:00,1.14082,1.14084,1.14078,1.14084
2026-07-23 08:24:00,1.14081,1.14085,1.14078,1.14081
2026-07-23 08:23:00,1.14079,1.14083,1.14076,1.14083
2026-07-23 08:22:00,1.1408,1.14091,1.14076,1.14077
2026-07-23 08:21:00,1.14082,1.14088,1.1408,1.1408
2026-07-23 08:20:00,1.14078,1.14084,1.14075,1.14084
2026-07-23 08:19:00,1.1408,1.14086,1.14075,1.14076
2026-07-23 08:18:00,1.14083,1.14083,1.14075,1.14077
2026-07-23 08:17:00,1.1408,1.14085,1.14076,1.14084
2026-07-23 08:16:00,1.14079,1.14084,1.14079,1.14084
2026-07-23 08:15:00,1.14078,1.14086,1.14076,1.14078
2026-07-23 08:14:00,1.1408,1.14081,1.14077,1.14081
2026-07-23 08:13:00,1.14079,1.14082,1.14075,1.14079
2026-07-23 08:12:00,1.14081,1.14084,1.14078,1.14081
2026-07-23 08:11:00,1.14086,1.14086,1.14073,1.14076
2026-07-23 08:10:00,1.14091,1.14091,1.14077,1.1408
2026-07-23 08:09:00,1.14091,1.14094,1.14082,1.14093
2026-07-23 08:08:00,1.14092,1.14095,1.14084,1.14086
2026-07-23 08:07:00,1.14087,1.14094,1.14086,1.14094
2026-07-23 08:06:00,1.14084,1.14097,1.1408,1.14093
2026-07-23 08:05:00,1.14084,1.14087,1.14081,1.14087
2026-07-23 08:04:00,1.14085,1.14089,1.14081,1.14082
2026-07-23 08:03:00,1.14091,1.14091,1.14076,1.1408
2026-07-23 08:02:00,1.14091,1.14093,1.14082,1.14093
2026-07-23 08:01:00,1.14089,1.14094,1.14089,1.14094
2026-07-23 08:00:00,1.14085,1.14092,1.14085,1.14091
2026-07-23 07:59:00,1.14082,1.14093,1.1408,1.1409
2026-07-23 07:58:00,1.14085,1.14085,1.14077,1.14079
2026-07-23 07:57:00,1.14086,1.14087,1.1408,1.14082
2026-07-23 07:56:00,1.14085,1.14088,1.14078,1.14088
2026-07-23 07:55:00,1.14087,1.1409,1.14075,1.14078
2026-07-23 07:54:00,1.14088,1.14089,1.1408,1.14089
2026-07-23 07:53:00,1.14078,1.14094,1.14077,1.14092
2026-07-23 07:52:00,1.14084,1.1409,1.14077,1.14078
2026-07-23 07:51:00,1.14086,1.14086,1.14077,1.1408
2026-07-23 07:50:00,1.14082,1.14088,1.14078,1.14088
2026-07-23 07:49:00,1.14077,1.14086,1.14077,1.14085
2026-07-23 07:48:00,1.14078,1.14087,1.1407,1.14072
2026-07-23 07:47:00,1.1408,1.1408,1.14073,1.1408
2026-07-23 07:46:00,1.1408,1.14083,1.14075,1.14076
2026-07-23 07:45:00,1.14082,1.14083,1.14072,1.14083
2026-07-23 07:44:00,1.14086,1.14086,1.14078,1.14079
2026-07-23 07:43:00,1.14084,1.14088,1.14077,1.14088
2026-07-23 07:42:00,1.14084,1.14088,1.14082,1.14082
2026-07-23 07:41:00,1.14081,1.14085,1.1408,1.14085
2026-07-23 07:40:00,1.1408,1.14085,1.1408,1.14084
2026-07-23 07:39:00,1.14077,1.14084,1.14077,1.14083
2026-07-23 07:38:00,1.14083,1.14083,1.14073,1.14075
2026-07-23 07:37:00,1.14082,1.14084,1.14076,1.14084
2026-07-23 07:36:00,1.14085,1.14085,1.14081,1.14085
2026-07-23 07:35:00,1.14091,1.14091,1.14078,1.1408
2026-07-23 07:34:00,1.14093,1.14095,1.14085,1.14093
2026-07-23 07:33:00,1.14094,1.14094,1.14093,1.14093
2026-07-23 07:32:00,1.14092,1.14096,1.1409,1.14096
2026-07-23 07:31:00,1.14089,1.14096,1.14089,1.14095
2026-07-23 07:30:00,1.14091,1.14094,1.14089,1.14089
2026-07-23 07:29:00,1.14093,1.14093,1.14088,1.14089
2026-07-23 07:28:00,1.14093,1.14095,1.14089,1.14093
2026-07-23 07:27:00,1.14094,1.14095,1.14092,1.14095
2026-07-23 07:26:00,1.14091,1.14098,1.14091,1.14096
2026-07-23 07:25:00,1.14093,1.14097,1.1409,1.14096
2026-07-23 07:24:00,1.14087,1.14102,1.14087,1.14099
2026-07-23 07:23:00,1.14089,1.14098,1.14088,1.14096
2026-07-23 07:22:00,1.14083,1.14091,1.14083,1.1409
2026-07-23 07:21:00,1.14087,1.14091,1.14082,1.14083
2026-07-23 07:20:00,1.14092,1.14092,1.1408,1.14083
2026-07-23 07:19:00,1.14102,1.14102,1.14085,1.14088
2026-07-23 07:18:00,1.14104,1.14108,1.14091,1.14095
2026-07-23 07:17:00,1.14099,1.14107,1.14099,1.14106
2026-07-23 07:16:00,1.14102,1.14107,1.14099,1.14102
2026-07-23 07:15:00,1.14096,1.14106,1.14096,1.14105
2026-07-23 07:14:00,1.14097,1.14111,1.14097,1.14107
2026-07-23 07:13:00,1.14094,1.14104,1.14094,1.14102
2026-07-23 07:12:00,1.14099,1.14102,1.14093,1.14094
2026-07-23 07:11:00,1.14098,1.14101,1.14097,1.14101
2026-07-23 07:10:00,1.14099,1.14108,1.14098,1.14099
2026-07-23 07:09:00,1.14101,1.14107,1.14098,1.14099
2026-07-23 07:08:00,1.14095,1.14108,1.14095,1.14106
2026-07-23 07:07:00,1.14103,1.14111,1.14093,1.14095
2026-07-23 07:06:00,1.14126,1.14126,1.14089,1.14094
2026-07-23 07:05:00,1.14118,1.14143,1.14095,1.14137
2026-07-23 07:04:00,1.14115,1.14137,1.14111,1.1413
2026-07-23 07:03:00,1.14115,1.14137,1.14115,1.1413
2026-07-23 07:02:00,1.14117,1.14133,1.14114,1.14114
2026-07-23 07:01:00,1.14122,1.14122,1.14114,1.14115
2026-07-23 07:00:00,1.14126,1.14126,1.14118,1.1412
2026-07-23 06:59:00,1.14124,1.14128,1.1412,1.14128
2026-07-23 06:58:00,1.1412,1.14127,1.1412,1.14127
2026-07-23 06:57:00,1.1412,1.14129,1.14116,1.1412
2026-07-23 06:56:00,1.14119,1.14123,1.14117,1.14123
2026-07-23 06:55:00,1.1412,1.14125,1.14116,1.14116
2026-07-23 06:54:00,1.14122,1.14122,1.14117,1.14122
2026-07-23 06:53:00,1.1412,1.14124,1.14117,1.14123
2026-07-23 06:52:00,1.1412,1.14123,1.1412,1.14123
2026-07-23 06:51:00,1.14122,1.14123,1.14116,1.14117
2026-07-23 06:50:00,1.14125,1.14125,1.14114,1.14117
2026-07-23 06:49:00,1.14125,1.14127,1.14123,1.14127
2026-07-23 06:48:00,1.14121,1.14129,1.14121,1.14128
2026-07-23 06:47:00,1.14126,1.14126,1.14119,1.1412
2026-07-23 06:46:00,1.14127,1.14127,1.14119,1.14121
2026-07-23 06:45:00,1.14125,1.1413,1.14123,1.1413
2026-07-23 06:44:00,1.14124,1.14132,1.14123,1.14124
2026-07-23 06:43:00,1.14125,1.14127,1.14124,1.14127
2026-07-23 06:42:00,1.14122,1.14128,1.14121,1.14127
2026-07-23 06:41:00,1.14119,1.14125,1.14119,1.14125
2026-07-23 06:40:00,1.1412,1.14124,1.14117,1.14118
2026-07-23 06:39:00,1.14119,1.14121,1.14116,1.14121
2026-07-23 06:38:00,1.14114,1.14121,1.14114,1.14121
2026-07-23 06:37:00,1.14111,1.14123,1.14109,1.14119
2026-07-23 06:36:00,1.14114,1.14114,1.1411,1.14111
2026-07-23 06:35:00,1.14117,1.14117,1.1411,1.14111
2026-07-23 06:34:00,1.14117,1.14119,1.14108,1.14119
2026-07-23 06:33:00,1.1412,1.14121,1.14112,1.14113
2026-07-23 06:32:00,1.1412,1.14122,1.14111,1.14122
2026-07-23 06:31:00,1.14121,1.14123,1.14115,1.14117
2026-07-23 06:30:00,1.14123,1.14123,1.14115,1.14123
2026-07-23 06:29:00,1.14121,1.14124,1.14121,1.14124
2026-07-23 06:28:00,1.1412,1.14126,1.14119,1.14124
2026-07-23 06:27:00,1.1412,1.14122,1.14119,1.14122
2026-07-23 06:26:00,1.14122,1.14125,1.14117,1.14118
2026-07-23 06:25:00,1.14124,1.14125,1.14119,1.14125
2026-07-23 06:24:00,1.14121,1.14127,1.14121,1.14126
2026-07-23 06:23:00,1.1412,1.14124,1.1412,1.14124
2026-07-23 06:22:00,1.14118,1.14125,1.14118,1.14123
2026-07-23 06:21:00,1.1412,1.1412,1.14117,1.1412
2026-07-23 06:20:00,1.14123,1.14123,1.14117,1.14118
2026-07-23 06:19:00,1.1412,1.14124,1.14117,1.14124
2026-07-23 06:18:00,1.14121,1.14122,1.14117,1.14121
2026-07-23 06:17:00,1.14122,1.14125,1.14117,1.14118
2026-07-23 06:16:00,1.14124,1.14124,1.14115,1.14124
2026-07-23 06:15:00,1.14119,1.14127,1.14119,1.14126
2026-07-23 06:14:00,1.14119,1.14123,1.14119,1.14123
2026-07-23 06:13:00,1.14121,1.14124,1.14116,1.14117
2026-07-23 06:12:00,1.14122,1.14123,1.14117,1.14123
2026-07-23 06:11:00,1.14124,1.14124,1.14117,1.14119
2026-07-23 06:10:00,1.14124,1.14126,1.14121,1.14126
2026-07-23 06:09:00,1.14119,1.14125,1.14119,1.14125
2026-07-23 06:08:00,1.14114,1.14127,1.14114,1.14124
2026-07-23 06:07:00,1.14112,1.14118,1.14112,1.14117
2026-07-23 06:06:00,1.14113,1.14119,1.14109,1.1411
2026-07-23 06:05:00,1.14117,1.14117,1.1411,1.14112
2026-07-23 06:04:00,1.14123,1.14123,1.14112,1.14114
2026-07-23 06:03:00,1.14115,1.14126,1.14114,1.14126
2026-07-23 06:02:00,1.14113,1.14126,1.14107,1.14113
2026-07-23 06:01:00,1.14114,1.14115,1.14108,1.14115
2026-07-23 06:00:00,1.14109,1.14117,1.14109,1.14116
2026-07-23 05:59:00,1.14107,1.14117,1.14107,1.14115
2026-07-23 05:58:00,1.14102,1.1411,1.14102,1.14109
2026-07-23 05:57:00,1.14101,1.14111,1.14098,1.14108
2026-07-23 05:56:00,1.14107,1.14107,1.14095,1.14098
2026-07-23 05:55:00,1.1411,1.1411,1.14099,1.14102
2026-07-23 05:54:00,1.14109,1.14112,1.14106,1.14112
2026-07-23 05:53:00,1.1411,1.14115,1.14107,1.14107
2026-07-23 05:52:00,1.14111,1.14112,1.14104,1.14112
2026-07-23 05:51:00,1.1411,1.14113,1.14107,1.1411
2026-07-23 05:50:00,1.14111,1.14112,1.14107,1.14112
2026-07-23 05:49:00,1.14117,1.14117,1.14108,1.14109
2026-07-23 05:48:00,1.14121,1.14121,1.14108,1.14112
2026-07-23 05:47:00,1.14117,1.14123,1.14114,1.14123
2026-07-23 05:46:00,1.14113,1.14125,1.14113,1.14122
2026-07-23 05:45:00,1.14115,1.14117,1.14114,1.14117
2026-07-23 05:44:00,1.14111,1.14119,1.14111,1.14117
2026-07-23 05:43:00,1.14111,1.14114,1.14111,1.14114
2026-07-23 05:42:00,1.14111,1.14116,1.1411,1.1411
2026-07-23 05:41:00,1.14109,1.14113,1.14107,1.14113
2026-07-23 05:40:00,1.1411,1.14113,1.14108,1.14108
2026-07-23 05:39:00,1.14111,1.14111,1.14104,1.14111
2026-07-23 05:38:00,1.14111,1.14111,1.14106,1.14111
2026-07-23 05:37:00,1.14111,1.14114,1.14107,1.14111
2026-07-23 05:36:00,1.14111,1.14113,1.1411,1.14113
2026-07-23 05:35:00,1.14112,1.14116,1.14107,1.14108
2026-07-23 05:34:00,1.1411,1.14114,1.14107,1.14114
2026-07-23 05:33:00,1.1411,1.14116,1.14107,1.14107
2026-07-23 05:32:00,1.14111,1.14112,1.14106,1.14112
2026-07-23 05:31:00,1.14111,1.14114,1.14104,1.14111
2026-07-23 05:30:00,1.14109,1.14112,1.14109,1.14112
2026-07-23 05:29:00,1.14112,1.14112,1.14108,1.14109
2026-07-23 05:28:00,1.14114,1.14114,1.14111,1.14112
2026-07-23 05:27:00,1.14117,1.14117,1.14111,1.14112
2026-07-23 05:26:00,1.14121,1.14121,1.14108,1.14111
2026-07-23 05:25:00,1.14118,1.14125,1.14112,1.14124
2026-07-23 05:24:00,1.14111,1.14126,1.14111,1.14123
2026-07-23 05:23:00,1.14111,1.14116,1.14111,1.14116
2026-07-23 05:22:00,1.14109,1.14117,1.14108,1.14115
2026-07-23 05:21:00,1.14111,1.14112,1.14108,1.14112
2026-07-23 05:20:00,1.14112,1.14112,1.14107,1.14108
2026-07-23 05:19:00,1.14111,1.14113,1.14107,1.14113
2026-07-23 05:18:00,1.14104,1.14114,1.14104,1.14113
2026-07-23 05:17:00,1.14102,1.14115,1.141,1.14111
2026-07-23 05:16:00,1.14102,1.14104,1.14101,1.14104
2026-07-23 05:15:00,1.14103,1.14107,1.14098,1.14099
2026-07-23 05:14:00,1.14105,1.14105,1.14098,1.14105
2026-07-23 05:13:00,1.14106,1.14108,1.14099,1.14101
2026-07-23 05:12:00,1.14108,1.14108,1.14102,1.14108
2026-07-23 05:11:00,1.14111,1.14111,1.14101,1.14103
2026-07-23 05:10:00,1.14111,1.14113,1.14103,1.14113
2026-07-23 05:09:00,1.1412,1.1412,1.14107,1.14109
2026-07-23 05:08:00,1.14122,1.14122,1.14107,1.14112
2026-07-23 05:07:00,1.14121,1.14123,1.14117,1.14123
2026-07-23 05:06:00,1.1412,1.14126,1.14117,1.14124
2026-07-23 05:05:00,1.14118,1.14122,1.14116,1.14122
2026-07-23 05:04:00,1.1411,1.14125,1.1411,1.14122
2026-07-23 05:03:00,1.14115,1.14116,1.1411,1.14111
2026-07-23 05:02:00,1.14113,1.14117,1.14104,1.14116
2026-07-23 05:01:00,1.14111,1.14116,1.14111,1.14116
2026-07-23 05:00:00,1.14111,1.14116,1.14107,1.14111
2026-07-23 04:59:00,1.14111,1.14113,1.14106,1.14113
2026-07-23 04:58:00,1.14108,1.14112,1.14106,1.14112
2026-07-23 04:57:00,1.14111,1.14114,1.14107,1.14108
2026-07-23 04:56:00,1.14108,1.14112,1.14104,1.14112
2026-07-23 04:55:00,1.14101,1.14115,1.14101,1.14113
2026-07-23 04:54:00,1.14101,1.14106,1.14101,1.14106
2026-07-23 04:53:00,1.14103,1.14107,1.14098,1.14099
2026-07-23 04:52:00,1.14102,1.14106,1.14095,1.14106
2026-07-23 04:51:00,1.141,1.14107,1.141,1.14105
2026-07-23 04:50:00,1.14098,1.14102,1.14097,1.14102
2026-07-23 04:49:00,1.14098,1.14102,1.14097,1.14098
2026-07-23 04:48:00,1.14098,1.141,1.14093,1.141
2026-07-23 04:47:00,1.14096,1.14099,1.14094,1.14099
2026-07-23 04:46:00,1.14095,1.14102,1.14091,1.141
2026-07-23 04:45:00,1.14095,1.14098,1.14091,1.14098
2026-07-23 04:44:00,1.14098,1.14101,1.14094,1.14094
2026-07-23 04:43:00,1.14099,1.141,1.14093,1.141
2026-07-23 04:42:00,1.14108,1.14108,1.14093,1.14095
2026-07-23 04:41:00,1.14106,1.14113,1.14095,1.14112
2026-07-23 04:40:00,1.14105,1.1411,1.14105,1.14105
2026-07-23 04:39:00,1.14106,1.14107,1.14102,1.14107
2026-07-23 04:38:00,1.14103,1.14107,1.14102,1.14107
2026-07-23 04:37:00,1.14102,1.14109,1.14101,1.14107
2026-07-23 04:36:00,1.14101,1.14103,1.14098,1.14103
2026-07-23 04:35:00,1.14097,1.14106,1.14097,1.14104
2026-07-23 04:34:00,1.14097,1.14099,1.14097,1.14099
2026-07-23 04:33:00,1.14101,1.14102,1.14093,1.14094
2026-07-23 04:32:00,1.14101,1.14103,1.14091,1.14103
2026-07-23 04:31:00,1.14102,1.14104,1.14093,1.14096
2026-07-23 04:30:00,1.14102,1.14105,1.14097,1.14105
2026-07-23 04:29:00,1.14104,1.14105,1.14101,1.14101
2026-07-23 04:28:00,1.14108,1.14108,1.14101,1.14102
2026-07-23 04:27:00,1.14105,1.14109,1.14101,1.14109
2026-07-23 04:26:00,1.14106,1.14111,1.14101,1.14102
2026-07-23 04:25:00,1.14107,1.14108,1.14101,1.14108
2026-07-23 04:24:00,1.14102,1.14111,1.14102,1.14109
2026-07-23 04:23:00,1.14102,1.14105,1.14102,1.14105
2026-07-23 04:22:00,1.14095,1.14108,1.14095,1.14106
2026-07-23 04:21:00,1.14093,1.14101,1.14093,1.141
2026-07-23 04:20:00,1.1409,1.14099,1.1409,1.14097
2026-07-23 04:19:00,1.14093,1.14093,1.14088,1.14089
2026-07-23 04:18:00,1.1409,1.14094,1.14089,1.14094
2026-07-23 04:17:00,1.14091,1.14096,1.14086,1.14091
2026-07-23 04:16:00,1.14091,1.14093,1.14086,1.14093
2026-07-23 04:15:00,1.1409,1.14096,1.14086,1.1409
2026-07-23 04:14:00,1.1409,1.14092,1.14089,1.14092
2026-07-23 04:13:00,1.14089,1.14095,1.14082,1.14089
2026-07-23 04:12:00,1.14087,1.14092,1.14086,1.14092
2026-07-23 04:11:00,1.14089,1.14094,1.14084,1.14085
2026-07-23 04:10:00,1.14093,1.14093,1.14081,1.14085
2026-07-23 04:09:00,1.14098,1.14098,1.14082,1.14086
2026-07-23 04:08:00,1.14098,1.14099,1.1409,1.14099
2026-07-23 04:07:00,1.14099,1.14099,1.14093,1.14099
2026-07-23 04:06:00,1.141,1.14102,1.14091,1.141
2026-07-23 04:05:00,1.14104,1.14104,1.14091,1.14095
2026-07-23 04:04:00,1.14094,1.14108,1.14094,1.14107
2026-07-23 04:03:00,1.14095,1.14103,1.14095,1.14101
2026-07-23 04:02:00,1.14102,1.14102,1.1409,1.14091
2026-07-23 04:01:00,1.14101,1.14107,1.14093,1.14106
2026-07-23 04:00:00,1.14105,1.14105,1.14101,1.14101
2026-07-23 03:59:00,1.14098,1.14107,1.14098,1.14107
2026-07-23 03:58:00,1.141,1.14106,1.14094,1.14095
2026-07-23 03:57:00,1.14102,1.14102,1.14091,1.14095
2026-07-23 03:56:00,1.14107,1.14107,1.14094,1.14097
2026-07-23 03:55:00,1.14112,1.14112,1.14094,1.14099
2026-07-23 03:54:00,1.14112,1.14115,1.14103,1.14114
2026-07-23 03:53:00,1.14107,1.14116,1.14107,1.14114
2026-07-23 03:52:00,1.14107,1.1411,1.14107,1.1411
2026-07-23 03:51:00,1.14104,1.14113,1.14103,1.14111
2026-07-23 03:50:00,1.14103,1.14106,1.14103,1.14106
2026-07-23 03:49:00,1.14102,1.14107,1.14098,1.14102
2026-07-23 03:48:00,1.141,1.14104,1.14098,1.14104
2026-07-23 03:47:00,1.14101,1.14103,1.14099,1.14099
2026-07-23 03:46:00,1.14096,1.14103,1.14094,1.14102
2026-07-23 03:45:00,1.1409,1.14101,1.1409,1.141
2026-07-23 03:44:00,1.14084,1.14101,1.14081,1.14096
2026-07-23 03:43:00,1.14088,1.14088,1.14082,1.14084
2026-07-23 03:42:00,1.14092,1.14092,1.14081,1.14083
2026-07-23 03:41:00,1.14094,1.14094,1.14086,1.14094
2026-07-23 03:40:00,1.141,1.141,1.14086,1.14088
2026-07-23 03:39:00,1.14099,1.14102,1.1409,1.14102
2026-07-23 03:38:00,1.141,1.14102,1.14094,1.14096
2026-07-23 03:37:00,1.14102,1.14102,1.14094,1.14096
2026-07-23 03:36:00,1.14109,1.14109,1.14094,1.14097
2026-07-23 03:35:00,1.14115,1.14115,1.14097,1.14102
2026-07-23 03:34:00,1.14114,1.14119,1.14106,1.14118
2026-07-23 03:33:00,1.14111,1.1412,1.14111,1.14118
2026-07-23 03:32:00,1.14113,1.14114,1.14108,1.14114
2026-07-23 03:31:00,1.14121,1.14121,1.14108,1.1411
2026-07-23 03:30:00,1.14123,1.14126,1.14112,1.14123
2026-07-23 03:29:00,1.14123,1.14124,1.14115,1.14123
2026-07-23 03:28:00,1.14121,1.14125,1.14119,1.14125
2026-07-23 03:27:00,1.14119,1.14125,1.14119,1.14124
2026-07-23 03:26:00,1.14125,1.14125,1.14116,1.14117
2026-07-23 03:25:00,1.14119,1.14128,1.14112,1.14127
2026-07-23 03:24:00,1.14112,1.14129,1.14112,1.14125
2026-07-23 03:23:00,1.14115,1.14117,1.14111,1.14115
2026-07-23 03:22:00,1.14111,1.14118,1.14108,1.14117
2026-07-23 03:21:00,1.14117,1.14117,1.14108,1.1411
2026-07-23 03:20:00,1.1413,1.1413,1.1411,1.14113
2026-07-23 03:19:00,1.14129,1.14134,1.14118,1.14133
2026-07-23 03:18:00,1.14126,1.14131,1.14121,1.1413
2026-07-23 03:17:00,1.14121,1.14131,1.14121,1.1413
2026-07-23 03:16:00,1.14121,1.14127,1.1412,1.14125
2026-07-23 03:15:00,1.14122,1.14125,1.14112,1.14115
2026-07-23 03:14:00,1.14118,1.14124,1.14118,1.14124
2026-07-23 03:13:00,1.14117,1.14127,1.14112,1.14117
2026-07-23 03:12:00,1.14116,1.14119,1.14114,1.14119
2026-07-23 03:11:00,1.14109,1.14122,1.14109,1.1412
2026-07-23 03:10:00,1.1411,1.14115,1.1411,1.14114
2026-07-23 03:09:00,1.14109,1.14114,1.14106,1.14109
2026-07-23 03:08:00,1.14111,1.14111,1.14106,1.14111
2026-07-23 03:07:00,1.14109,1.14112,1.14107,1.14112
2026-07-23 03:06:00,1.14104,1.14114,1.14104,1.14112
2026-07-23 03:05:00,1.14096,1.14108,1.14096,1.14107
2026-07-23 03:04:00,1.141,1.14109,1.14087,1.1409
2026-07-23 03:03:00,1.14102,1.14104,1.1409,1.14094
2026-07-23 03:02:00,1.14095,1.14106,1.14095,1.14105
2026-07-23 03:01:00,1.14098,1.14101,1.14095,1.141
2026-07-23 03:00:00,1.14097,1.14101,1.1409,1.14097
2026-07-23 02:59:00,1.14095,1.14099,1.14093,1.14099
2026-07-23 02:58:00,1.14098,1.141,1.14094,1.14094
2026-07-23 02:57:00,1.14095,1.14099,1.1409,1.14099
2026-07-23 02:56:00,1.14092,1.14098,1.14092,1.14097
2026-07-23 02:55:00,1.1409,1.14099,1.1409,1.14097
2026-07-23 02:54:00,1.1409,1.14092,1.1409,1.14092
2026-07-23 02:53:00,1.14095,1.14095,1.14088,1.14089
2026-07-23 02:52:00,1.14093,1.14099,1.14086,1.14098
2026-07-23 02:51:00,1.14087,1.141,1.14087,1.14097
2026-07-23 02:50:00,1.14085,1.14093,1.14085,1.14092
2026-07-23 02:49:00,1.14085,1.14092,1.14082,1.14083
2026-07-23 02:48:00,1.14082,1.14087,1.14082,1.14087
2026-07-23 02:47:00,1.14087,1.14087,1.1408,1.14081
2026-07-23 02:46:00,1.14084,1.14088,1.14078,1.14088
2026-07-23 02:45:00,1.14085,1.14088,1.14084,1.14085
2026-07-23 02:44:00,1.14086,1.14088,1.14081,1.14082
2026-07-23 02:43:00,1.14088,1.14088,1.14082,1.14088
2026-07-23 02:42:00,1.14082,1.14091,1.14081,1.1409
2026-07-23 02:41:00,1.14088,1.14088,1.1408,1.14082
2026-07-23 02:40:00,1.14096,1.14096,1.14081,1.14083
2026-07-23 02:39:00,1.14099,1.14099,1.14088,1.14091
2026-07-23 02:38:00,1.14093,1.14102,1.14091,1.14101
2026-07-23 02:37:00,1.1409,1.14101,1.1409,1.14099
2026-07-23 02:36:00,1.14099,1.14099,1.14085,1.14087
2026-07-23 02:35:00,1.14104,1.14104,1.14088,1.14092
2026-07-23 02:34:00,1.1411,1.1411,1.14094,1.14098
2026-07-23 02:33:00,1.14122,1.14122,1.14102,1.14105
2026-07-23 02:32:00,1.14118,1.14131,1.14108,1.14128
2026-07-23 02:31:00,1.1411,1.14126,1.1411,1.14122
2026-07-23 02:30:00,1.14114,1.14116,1.14107,1.14114
2026-07-23 02:29:00,1.1411,1.14117,1.14107,1.14116
2026-07-23 02:28:00,1.14105,1.14115,1.14105,1.14114
2026-07-23 02:27:00,1.14109,1.14113,1.14102,1.14103
2026-07-23 02:26:00,1.14103,1.14111,1.14098,1.14111
2026-07-23 02:25:00,1.14097,1.1411,1.14097,1.14108
2026-07-23 02:24:00,1.14083,1.14108,1.14083,1.14104
2026-07-23 02:23:00,1.14082,1.14095,1.14082,1.14092
2026-07-23 02:22:00,1.14082,1.1409,1.14078,1.14079
2026-07-23 02:21:00,1.14079,1.14084,1.14078,1.14084
2026-07-23 02:20:00,1.14073,1.14087,1.14073,1.14084
2026-07-23 02:19:00,1.1407,1.14077,1.1407,1.14077
2026-07-23 02:18:00,1.14077,1.14077,1.14064,1.14066
2026-07-23 02:17:00,1.14077,1.14078,1.14051,1.14078
2026-07-23 02:16:00,1.14077,1.14078,1.14065,1.14078
2026-07-23 02:15:00,1.14071,1.14081,1.14058,1.1408
2026-07-23 02:14:00,1.14074,1.14077,1.1406,1.14065
2026-07-23 02:13:00,1.14081,1.14081,1.14055,1.14062
2026-07-23 02:12:00,1.14089,1.14089,1.14059,1.14067
2026-07-23 02:11:00,1.14101,1.14101,1.14063,1.14072
2026-07-23 02:10:00,1.14104,1.14108,1.14076,1.14085
2026-07-23 02:09:00,1.14118,1.14118,1.14081,1.14089
2026-07-23 02:08:00,1.14113,1.14122,1.14088,1.14121
2026-07-23 02:07:00,1.14119,1.14119,1.14102,1.14106
2026-07-23 02:06:00,1.14128,1.14128,1.14095,1.14104
2026-07-23 02:05:00,1.14129,1.14132,1.14104,1.14129
2026-07-23 02:04:00,1.1413,1.14132,1.14116,1.1413
2026-07-23 02:03:00,1.14135,1.14135,1.1411,1.14118
2026-07-23 02:02:00,1.1414,1.1414,1.14115,1.14122
2026-07-23 02:01:00,1.14134,1.14142,1.14123,1.14142
2026-07-23 02:00:00,1.14126,1.14144,1.14124,1.14139
2026-07-23 01:59:00,1.14118,1.14132,1.14114,1.14131
2026-07-23 01:58:00,1.1411,1.14131,1.14108,1.14126
2026-07-23 01:57:00,1.1411,1.14117,1.14099,1.14116
2026-07-23 01:56:00,1.14122,1.14122,1.14104,1.14106
2026-07-23 01:55:00,1.14117,1.14124,1.14108,1.14124
2026-07-23 01:54:00,1.14116,1.14121,1.14114,1.1412
2026-07-23 01:53:00,1.14129,1.14129,1.1411,1.14112
2026-07-23 01:52:00,1.14131,1.14139,1.1411,1.14117
2026-07-23 01:51:00,1.14126,1.14134,1.14123,1.14133
2026-07-23 01:50:00,1.14118,1.14132,1.14118,1.14131
2026-07-23 01:49:00,1.14107,1.14131,1.14106,1.14125
2026-07-23 01:48:00,1.14103,1.14116,1.14103,1.14114
2026-07-23 01:47:00,1.14102,1.14111,1.141,1.14102
2026-07-23 01:46:00,1.141,1.14104,1.141,1.14104
2026-07-23 01:45:00,1.141,1.14103,1.141,1.14102
2026-07-23 01:44:00,1.141,1.14104,1.14099,1.14103
2026-07-23 01:43:00,1.14095,1.14102,1.14095,1.14102
2026-07-23 01:42:00,1.14082,1.14105,1.14082,1.14101
2026-07-23 01:41:00,1.14085,1.14093,1.14084,1.14091
2026-07-23 01:40:00,1.14101,1.14101,1.14078,1.1408
2026-07-23 01:39:00,1.14102,1.14111,1.14084,1.1409
2026-07-23 01:38:00,1.14101,1.14102,1.14097,1.14102
2026-07-23 01:37:00,1.14094,1.14106,1.14094,1.14105
2026-07-23 01:36:00,1.14105,1.14105,1.14088,1.1409
2026-07-23 01:35:00,1.14112,1.14112,1.14088,1.14094
2026-07-23 01:34:00,1.14117,1.14117,1.14103,1.14106
2026-07-23 01:33:00,1.14135,1.14135,1.14107,1.14111
2026-07-23 01:32:00,1.14137,1.14148,1.14115,1.14122
2026-07-23 01:31:00,1.14138,1.14138,1.14129,1.14132
2026-07-23 01:30:00,1.14135,1.1414,1.1413,1.1414
2026-07-23 01:29:00,1.14134,1.14142,1.14129,1.14134
2026-07-23 01:28:00,1.14134,1.14137,1.14127,1.14137
2026-07-23 01:27:00,1.14128,1.14137,1.14128,1.14136
2026-07-23 01:26:00,1.14127,1.14135,1.14125,1.14133
2026-07-23 01:25:00,1.14121,1.1413,1.14121,1.14129
2026-07-23 01:24:00,1.14107,1.1413,1.14107,1.14127
2026-07-23 01:23:00,1.14104,1.1412,1.14104,1.14116
2026-07-23 01:22:00,1.14094,1.14113,1.14094,1.14109
2026-07-23 01:21:00,1.1409,1.14102,1.1409,1.14101
2026-07-23 01:20:00,1.14098,1.14101,1.1408,1.14083
2026-07-23 01:19:00,1.14101,1.14104,1.14084,1.14089
2026-07-23 01:18:00,1.14104,1.14104,1.14095,1.14097
2026-07-23 01:17:00,1.14103,1.14106,1.14101,1.14106
2026-07-23 01:16:00,1.14109,1.14109,1.14099,1.141
2026-07-23 01:15:00,1.14107,1.1411,1.14099,1.1411
2026-07-23 01:14:00,1.14108,1.14109,1.14107,1.14109
2026-07-23 01:13:00,1.14115,1.14115,1.14104,1.14106
2026-07-23 01:12:00,1.14112,1.14119,1.14104,1.14118
2026-07-23 01:11:00,1.14109,1.14119,1.14107,1.14116
2026-07-23 01:10:00,1.14103,1.14112,1.14103,1.14112
2026-07-23 01:09:00,1.14105,1.14114,1.14095,1.14097
2026-07-23 01:08:00,1.14109,1.14109,1.14097,1.14101
2026-07-23 01:07:00,1.14108,1.14111,1.14099,1.14111
2026-07-23 01:06:00,1.14108,1.14111,1.14104,1.14111
2026-07-23 01:05:00,1.14099,1.14111,1.14099,1.1411
2026-07-23 01:04:00,1.14093,1.14111,1.14093,1.14107
2026-07-23 01:03:00,1.14096,1.14098,1.14089,1.14091
2026-07-23 01:02:00,1.14096,1.14098,1.14091,1.14098
2026-07-23 01:01:00,1.14105,1.14105,1.14091,1.14094
2026-07-23 01:00:00,1.14105,1.14108,1.14091,1.14107
2026-07-23 00:59:00,1.14093,1.14112,1.14093,1.14111
2026-07-23 00:58:00,1.14098,1.1411,1.14079,1.14083
2026-07-23 00:57:00,1.14108,1.14108,1.14089,1.14093
2026-07-23 00:56:00,1.14117,1.14117,1.1409,1.14097
2026-07-23 00:55:00,1.14126,1.14126,1.1411,1.14113
2026-07-23 00:54:00,1.14127,1.1413,1.1411,1.14127
2026-07-23 00:53:00,1.14122,1.1413,1.14122,1.14129
2026-07-23 00:52:00,1.14118,1.14126,1.14117,1.14125
2026-07-23 00:51:00,1.14115,1.14127,1.14111,1.14123
2026-07-23 00:50:00,1.14119,1.14119,1.14114,1.14115
2026-07-23 00:49:00,1.14112,1.14124,1.14112,1.14122
2026-07-23 00:48:00,1.1412,1.1412,1.1411,1.14112
2026-07-23 00:47:00,1.14118,1.14123,1.14111,1.14122
2026-07-23 00:46:00,1.14116,1.14122,1.14116,1.14121
2026-07-23 00:45:00,1.14112,1.1412,1.14108,1.14119
2026-07-23 00:44:00,1.14113,1.14119,1.14107,1.14113
2026-07-23 00:43:00,1.14122,1.14122,1.14104,1.14108
2026-07-23 00:42:00,1.14124,1.14124,1.14106,1.14112
2026-07-23 00:41:00,1.14118,1.14127,1.14118,1.14127
2026-07-23 00:40:00,1.14111,1.14129,1.1411,1.14124
2026-07-23 00:39:00,1.14116,1.14116,1.14107,1.1411
2026-07-23 00:38:00,1.1412,1.1412,1.14103,1.14108
2026-07-23 00:37:00,1.14125,1.14125,1.14108,1.14113
2026-07-23 00:36:00,1.14127,1.14127,1.14112,1.14117
2026-07-23 00:35:00,1.14126,1.14129,1.14121,1.14129
2026-07-23 00:34:00,1.14113,1.14132,1.14113,1.1413
2026-07-23 00:33:00,1.14108,1.14129,1.14104,1.14123
2026-07-23 00:32:00,1.14113,1.14113,1.14101,1.14104
2026-07-23 00:31:00,1.14122,1.14122,1.14106,1.14109
2026-07-23 00:30:00,1.14125,1.14128,1.14111,1.14115
2026-07-23 00:29:00,1.14126,1.14127,1.14114,1.14118
2026-07-23 00:28:00,1.14129,1.14129,1.14124,1.14125
2026-07-23 00:27:00,1.1414,1.1414,1.14115,1.1412
2026-07-23 00:26:00,1.1414,1.14142,1.14127,1.14142
2026-07-23 00:25:00,1.14139,1.14141,1.1413,1.14141
2026-07-23 00:24:00,1.14144,1.14144,1.14136,1.14137
2026-07-23 00:23:00,1.14164,1.14164,1.14134,1.14138
2026-07-23 00:22:00,1.14169,1.14169,1.14138,1.14148
2026-07-23 00:21:00,1.14178,1.14178,1.14162,1.14165
2026-07-23 00:20:00,1.14176,1.14181,1.14155,1.1418
2026-07-23 00:19:00,1.14174,1.1418,1.14173,1.1418
2026-07-23 00:18:00,1.1417,1.14182,1.1417,1.14179
2026-07-23 00:17:00,1.14169,1.14176,1.14169,1.14175
2026-07-23 00:16:00,1.14153,1.14175,1.14153,1.14173
2026-07-23 00:15:00,1.14134,1.1417,1.14134,1.14165
2026-07-23 00:14:00,1.14124,1.14181,1.14124,1.14165
2026-07-23 00:13:00,1.1412,1.14159,1.14119,1.14147
2026-07-23 00:12:00,1.14123,1.14128,1.14119,1.1412
2026-07-23 00:11:00,1.1413,1.1413,1.14111,1.14115
2026-07-23 00:10:00,1.14125,1.14134,1.14114,1.14133
2026-07-23 00:09:00,1.14138,1.14138,1.14112,1.14116
2026-07-23 00:08:00,1.14138,1.14147,1.14111,1.14138
2026-07-23 00:07:00,1.14142,1.14142,1.14123,1.14128
2026-07-23 00:06:00,1.14141,1.14144,1.14117,1.14144
2026-07-23 00:05:00,1.14146,1.14146,1.14132,1.14135
2026-07-23 00:04:00,1.14143,1.14147,1.14137,1.14147
2026-07-23 00:03:00,1.14143,1.14146,1.14132,1.14145
2026-07-23 00:02:00,1.1413,1.14149,1.1413,1.14147
2026-07-23 00:01:00,1.14137,1.14151,1.14129,1.14131
2026-07-23 00:00:00,1.14147,1.14147,1.14133,1.14134
2026-07-22 23:59:00,1.14152,1.14153,1.14123,1.14132
2026-07-22 23:58:00,1.14162,1.14162,1.14133,1.1414
2026-07-22 23:57:00,1.14161,1.14167,1.14142,1.14166
2026-07-22 23:56:00,1.14167,1.14167,1.14149,1.14153
2026-07-22 23:55:00,1.14162,1.14168,1.14151,1.14168
2026-07-22 23:54:00,1.14153,1.14168,1.14153,1.14166
2026-07-22 23:53:00,1.14159,1.14171,1.14149,1.14151
2026-07-22 23:52:00,1.1416,1.14162,1.14151,1.1416
2026-07-22 23:51:00,1.14172,1.14172,1.14149,1.14153
2026-07-22 23:50:00,1.14173,1.1418,1.14146,1.14155
2026-07-22 23:49:00,1.14176,1.14176,1.14153,1.1416
2026-07-22 23:48:00,1.14184,1.14184,1.14158,1.14165
2026-07-22 23:47:00,1.14185,1.14187,1.14162,1.14185
2026-07-22 23:46:00,1.14184,1.14188,1.14172,1.14188
2026-07-22 23:45:00,1.14187,1.14188,1.14176,1.14179
2026-07-22 23:44:00,1.14178,1.1419,1.14178,1.14189
2026-07-22 23:43:00,1.14174,1.14187,1.14174,1.14184
2026-07-22 23:42:00,1.14181,1.14189,1.1417,1.14171
2026-07-22 23:41:00,1.14183,1.14186,1.14162,1.14169
2026-07-22 23:40:00,1.14189,1.14189,1.14166,1.14172
2026-07-22 23:39:00,1.1418,1.14193,1.14175,1.14192
2026-07-22 23:38:00,1.14161,1.14193,1.14161,1.14187
2026-07-22 23:37:00,1.14165,1.14193,1.14163,1.14184
2026-07-22 23:36:00,1.14176,1.14176,1.14159,1.14161
2026-07-22 23:35:00,1.14191,1.14191,1.14155,1.14163
2026-07-22 23:34:00,1.1421,1.1421,1.14159,1.14171
2026-07-22 23:33:00,1.14181,1.14218,1.14172,1.14216
2026-07-22 23:32:00,1.14164,1.1421,1.14164,1.14201
2026-07-22 23:31:00,1.14152,1.14187,1.14142,1.14178
2026-07-22 23:30:00,1.14158,1.1416,1.1415,1.14152
2026-07-22 23:29:00,1.14167,1.14167,1.14147,1.14151
2026-07-22 23:28:00,1.14167,1.14173,1.14154,1.14171
2026-07-22 23:27:00,1.14158,1.14171,1.14158,1.1417
2026-07-22 23:26:00,1.14157,1.14167,1.14157,1.14165
2026-07-22 23:25:00,1.14139,1.14164,1.14139,1.14161
2026-07-22 23:24:00,1.14145,1.14158,1.14138,1.14139
2026-07-22 23:23:00,1.14136,1.1415,1.1413,1.14149
2026-07-22 23:22:00,1.14121,1.14149,1.14121,1.14144
2026-07-22 23:21:00,1.1411,1.14134,1.1411,1.14131
2026-07-22 23:20:00,1.14106,1.14127,1.14092,1.1412
2026-07-22 23:19:00,1.14105,1.14109,1.14098,1.14109
2026-07-22 23:18:00,1.14096,1.14112,1.14096,1.14109
2026-07-22 23:17:00,1.14097,1.14103,1.14097,1.14102
2026-07-22 23:16:00,1.14102,1.14102,1.14093,1.14094
2026-07-22 23:15:00,1.14105,1.14105,1.14097,1.14099
2026-07-22 23:14:00,1.14111,1.14111,1.14098,1.14101
2026-07-22 23:13:00,1.14119,1.14119,1.14101,1.14105
2026-07-22 23:12:00,1.14121,1.14123,1.14106,1.14111
2026-07-22 23:11:00,1.14121,1.14123,1.14114,1.14123
2026-07-22 23:10:00,1.14113,1.14125,1.14113,1.14124
2026-07-22 23:09:00,1.14107,1.14126,1.141,1.1412
2026-07-22 23:08:00,1.14104,1.1411,1.14103,1.1411
2026-07-22 23:07:00,1.14103,1.14112,1.14098,1.14099
2026-07-22 23:06:00,1.14104,1.14105,1.14098,1.14105
2026-07-22 23:05:00,1.14106,1.14106,1.14097,1.14099
2026-07-22 23:04:00,1.14087,1.14115,1.14087,1.14112
2026-07-22 23:03:00,1.14084,1.14107,1.14084,1.141
2026-07-22 23:02:00,1.1408,1.1409,1.1408,1.14088
2026-07-22 23:01:00,1.14084,1.14084,1.14077,1.14079
2026-07-22 23:00:00,1.14087,1.14087,1.1408,1.14082
2026-07-22 22:59:00,1.14073,1.14091,1.14073,1.1409
2026-07-22 22:58:00,1.14104,1.14104,1.14051,1.14057
2026-07-22 22:57:00,1.14105,1.14126,1.14047,1.14066
2026-07-22 22:56:00,1.14107,1.14107,1.14099,1.14101
2026-07-22 22:55:00,1.14109,1.14109,1.14101,1.14109
2026-07-22 22:54:00,1.14101,1.14112,1.14101,1.14111
2026-07-22 22:53:00,1.14091,1.14111,1.14091,1.14108
2026-07-22 22:52:00,1.14091,1.14102,1.14091,1.14098
2026-07-22 22:51:00,1.14081,1.14095,1.14081,1.14094
2026-07-22 22:50:00,1.14078,1.1409,1.14078,1.14088
2026-07-22 22:49:00,1.1409,1.1409,1.14071,1.14073
2026-07-22 22:48:00,1.14094,1.141,1.14073,1.14079
2026-07-22 22:47:00,1.14114,1.14114,1.14088,1.1409
2026-07-22 22:46:00,1.14112,1.14124,1.14095,1.14121
2026-07-22 22:45:00,1.14116,1.14116,1.14107,1.14109
2026-07-22 22:44:00,1.14116,1.14117,1.1411,1.14117
2026-07-22 22:43:00,1.14116,1.14117,1.14115,1.14117
2026-07-22 22:42:00,1.14123,1.14123,1.14111,1.14113
2026-07-22 22:41:00,1.14128,1.14128,1.14115,1.14118
2026-07-22 22:40:00,1.1413,1.1413,1.14117,1.14121
2026-07-22 22:39:00,1.14132,1.14132,1.14121,1.14132
2026-07-22 22:38:00,1.14133,1.14135,1.14124,1.14126
2026-07-22 22:37:00,1.14132,1.14135,1.14128,1.14135
2026-07-22 22:36:00,1.14135,1.14137,1.14127,1.14128
2026-07-22 22:35:00,1.14127,1.1414,1.14127,1.14139
2026-07-22 22:34:00,1.14117,1.14137,1.14117,1.14133
2026-07-22 22:33:00,1.14116,1.14128,1.14114,1.14125
2026-07-22 22:32:00,1.14109,1.14119,1.14109,1.14118
2026-07-22 22:31:00,1.14101,1.1412,1.14101,1.14116
2026-07-22 22:30:00,1.14104,1.14107,1.14101,1.14104
2026-07-22 22:29:00,1.14095,1.14107,1.14095,1.14106
2026-07-22 22:28:00,1.14098,1.14102,1.14094,1.14101
2026-07-22 22:27:00,1.14097,1.14102,1.14091,1.14101
2026-07-22 22:26:00,1.14097,1.141,1.14095,1.141
2026-07-22 22:25:00,1.14101,1.14101,1.14093,1.14094
2026-07-22 22:24:00,1.14103,1.14103,1.14093,1.14103
2026-07-22 22:23:00,1.14106,1.14106,1.14097,1.14099
2026-07-22 22:22:00,1.14107,1.14107,1.14094,1.14107
2026-07-22 22:21:00,1.1411,1.1411,1.14099,1.14102
2026-07-22 22:20:00,1.14104,1.14112,1.14101,1.14111
2026-07-22 22:19:00,1.14103,1.14109,1.14103,1.14108
2026-07-22 22:18:00,1.14105,1.1411,1.14098,1.14099
2026-07-22 22:17:00,1.14108,1.14108,1.14099,1.14102
2026-07-22 22:16:00,1.14105,1.14111,1.14097,1.1411
2026-07-22 22:15:00,1.14104,1.14109,1.14102,1.14109
2026-07-22 22:14:00,1.14102,1.14108,1.14099,1.14107
2026-07-22 22:13:00,1.14096,1.14106,1.14096,1.14105
2026-07-22 22:12:00,1.14087,1.14103,1.14087,1.14101
2026-07-22 22:11:00,1.14086,1.14099,1.14081,1.14095
2026-07-22 22:10:00,1.14087,1.14088,1.14078,1.14088
2026-07-22 22:09:00,1.14093,1.14093,1.14082,1.14084
2026-07-22 22:08:00,1.14097,1.14097,1.1408,1.14085
2026-07-22 22:07:00,1.14089,1.14102,1.14086,1.141
2026-07-22 22:06:00,1.14084,1.14097,1.14084,1.14096
2026-07-22 22:05:00,1.14089,1.14095,1.14076,1.14078
2026-07-22 22:04:00,1.14086,1.14091,1.1408,1.14091
2026-07-22 22:03:00,1.14084,1.1409,1.14084,1.14089
2026-07-22 22:02:00,1.14073,1.14089,1.14073,1.14088
2026-07-22 22:01:00,1.14065,1.14084,1.14065,1.14081
2026-07-22 22:00:00,1.14063,1.14077,1.14056,1.14072
2026-07-22 21:59:00,1.14061,1.14065,1.14058,1.14065
2026-07-22 21:58:00,1.14055,1.14068,1.14055,1.14065
2026-07-22 21:57:00,1.14052,1.14058,1.14052,1.14058
2026-07-22 21:56:00,1.14052,1.14061,1.14047,1.14048
2026-07-22 21:55:00,1.1405,1.14054,1.14047,1.14054
2026-07-22 21:54:00,1.14054,1.14055,1.14046,1.14047
2026-07-22 21:53:00,1.14059,1.14059,1.14046,1.14049
2026-07-22 21:52:00,1.14059,1.1406,1.1405,1.1406
2026-07-22 21:51:00,1.14067,1.14067,1.14054,1.14056
2026-07-22 21:50:00,1.1407,1.14073,1.14055,1.1406
2026-07-22 21:49:00,1.1406,1.14075,1.1406,1.14073
2026-07-22 21:48:00,1.14053,1.14071,1.14053,1.14069
2026-07-22 21:47:00,1.14054,1.14067,1.14039,1.14043
2026-07-22 21:46:00,1.14049,1.14056,1.14047,1.14056
2026-07-22 21:45:00,1.14045,1.14057,1.14043,1.14054
2026-07-22 21:44:00,1.14055,1.14055,1.14041,1.14043
2026-07-22 21:43:00,1.14055,1.14056,1.14042,1.14056
2026-07-22 21:42:00,1.14067,1.14067,1.14051,1.14053
2026-07-22 21:41:00,1.14061,1.14072,1.1405,1.1407
2026-07-22 21:40:00,1.1405,1.1407,1.1405,1.14067
2026-07-22 21:39:00,1.14051,1.14059,1.14051,1.14057
2026-07-22 21:38:00,1.1405,1.14056,1.14048,1.14054
2026-07-22 21:37:00,1.14056,1.14056,1.14048,1.1405
2026-07-22 21:36:00,1.14057,1.14058,1.14046,1.1405
2026-07-22 21:35:00,1.1406,1.1406,1.1405,1.1406
2026-07-22 21:34:00,1.14055,1.14063,1.14051,1.14062
2026-07-22 21:33:00,1.14052,1.14062,1.14052,1.14061
2026-07-22 21:32:00,1.14044,1.14057,1.14044,1.14055
2026-07-22 21:31:00,1.14043,1.14055,1.1404,1.14051
2026-07-22 21:30:00,1.14035,1.14047,1.14035,1.14046
2026-07-22 21:29:00,1.14032,1.14048,1.14026,1.14043
2026-07-22 21:28:00,1.14032,1.14035,1.14029,1.14035
2026-07-22 21:27:00,1.14043,1.14043,1.14028,1.14029
2026-07-22 21:26:00,1.14048,1.14052,1.1403,1.14035
2026-07-22 21:25:00,1.14053,1.14053,1.14038,1.14042
2026-07-22 21:24:00,1.14052,1.14055,1.14048,1.14055
2026-07-22 21:23:00,1.14047,1.14055,1.14047,1.14054
2026-07-22 21:22:00,1.14042,1.14054,1.14042,1.14052
2026-07-22 21:21:00,1.14047,1.14048,1.14039,1.1404
2026-07-22 21:20:00,1.1406,1.1406,1.14034,1.14039
2026-07-22 21:19:00,1.1406,1.1407,1.14043,1.14067
2026-07-22 21:18:00,1.14059,1.14064,1.14055,1.14059
2026-07-22 21:17:00,1.14055,1.14062,1.14055,1.14062
2026-07-22 21:16:00,1.14046,1.14064,1.14046,1.14061
2026-07-22 21:15:00,1.14049,1.14054,1.14045,1.14053
2026-07-22 21:14:00,1.14047,1.14051,1.14042,1.1405
2026-07-22 21:13:00,1.14048,1.1405,1.14047,1.1405
2026-07-22 21:12:00,1.14045,1.14049,1.14045,1.14049
2026-07-22 21:11:00,1.14035,1.1405,1.14035,1.14049
2026-07-22 21:10:00,1.14039,1.14048,1.14034,1.14035
2026-07-22 21:09:00,1.1404,1.14041,1.14032,1.1404
2026-07-22 21:08:00,1.14038,1.14043,1.14037,1.14043
2026-07-22 21:07:00,1.14037,1.14046,1.14035,1.14037
2026-07-22 21:06:00,1.14039,1.1404,1.14034,1.1404
2026-07-22 21:05:00,1.14043,1.14043,1.14032,1.14034
2026-07-22 21:04:00,1.14041,1.14047,1.1404,1.14046
2026-07-22 21:03:00,1.14035,1.14045,1.14035,1.14044
2026-07-22 21:02:00,1.14037,1.14043,1.14034,1.14037
2026-07-22 21:01:00,1.14043,1.14043,1.1403,1.14033
2026-07-22 21:00:00,1.14061,1.14061,1.14034,1.14037
2026-07-22 20:59:00,1.14059,1.14072,1.14043,1.14068
2026-07-22 20:58:00,1.14064,1.14064,1.14054,1.14055
2026-07-22 20:57:00,1.14063,1.14068,1.14056,1.14067
2026-07-22 20:56:00,1.1406,1.14068,1.1406,1.14066
2026-07-22 20:55:00,1.14067,1.14067,1.14058,1.1406
2026-07-22 20:54:00,1.1407,1.1407,1.1406,1.14063
2026-07-22 20:53:00,1.14066,1.14072,1.14066,1.14072
2026-07-22 20:52:00,1.14063,1.14072,1.14062,1.1407
2026-07-22 20:51:00,1.14062,1.14069,1.14062,1.14067
2026-07-22 20:50:00,1.14056,1.14065,1.14056,1.14065
2026-07-22 20:49:00,1.14058,1.14067,1.14049,1.14051
2026-07-22 20:48:00,1.14056,1.1406,1.14054,1.1406
2026-07-22 20:47:00,1.14051,1.14063,1.14051,1.1406
2026-07-22 20:46:00,1.14048,1.14055,1.14048,1.14055
2026-07-22 20:45:00,1.14041,1.14057,1.14041,1.14053
2026-07-22 20:44:00,1.1404,1.14046,1.1404,1.14045
2026-07-22 20:43:00,1.14046,1.14046,1.14037,1.14038
2026-07-22 20:42:00,1.14052,1.14052,1.14038,1.14041
2026-07-22 20:41:00,1.14055,1.14055,1.14047,1.14049
2026-07-22 20:40:00,1.14058,1.14058,1.14048,1.14051
2026-07-22 20:39:00,1.14056,1.14059,1.14055,1.14059
2026-07-22 20:38:00,1.1405,1.14062,1.1405,1.1406
2026-07-22 20:37:00,1.1405,1.14058,1.1405,1.14056
2026-07-22 20:36:00,1.1406,1.1406,1.14046,1.14047
2026-07-22 20:35:00,1.14054,1.14066,1.14047,1.14064
2026-07-22 20:34:00,1.1405,1.14062,1.1405,1.14059
2026-07-22 20:33:00,1.14052,1.14053,1.1405,1.14052
2026-07-22 20:32:00,1.14053,1.14053,1.14045,1.14047
2026-07-22 20:31:00,1.14059,1.14059,1.14051,1.14052
2026-07-22 20:30:00,1.14061,1.14061,1.14051,1.14054
2026-07-22 20:29:00,1.14061,1.14062,1.14056,1.14061
2026-07-22 20:28:00,1.14062,1.14063,1.1406,1.14063
2026-07-22 20:27:00,1.1407,1.1407,1.14059,1.1406
2026-07-22 20:26:00,1.14071,1.14077,1.14059,1.14075
2026-07-22 20:25:00,1.14064,1.14075,1.14064,1.14074
2026-07-22 20:24:00,1.14066,1.14071,1.14064,1.1407
2026-07-22 20:23:00,1.14064,1.14069,1.14062,1.14068
2026-07-22 20:22:00,1.14062,1.14067,1.1406,1.14067
2026-07-22 20:21:00,1.14054,1.14067,1.14054,1.14066
2026-07-22 20:20:00,1.14042,1.14065,1.14042,1.14061
2026-07-22 20:19:00,1.14038,1.14054,1.14038,1.14051
2026-07-22 20:18:00,1.1403,1.14048,1.1403,1.14044
2026-07-22 20:17:00,1.14032,1.14036,1.1403,1.14035
2026-07-22 20:16:00,1.1404,1.1404,1.14024,1.14026
2026-07-22 20:15:00,1.14034,1.14046,1.14031,1.14044
2026-07-22 20:14:00,1.1403,1.14043,1.14027,1.14039
2026-07-22 20:13:00,1.14023,1.14034,1.14023,1.14033
2026-07-22 20:12:00,1.1402,1.14033,1.14019,1.14029
2026-07-22 20:11:00,1.1402,1.14024,1.1402,1.14023
2026-07-22 20:10:00,1.14029,1.14029,1.14016,1.14018
2026-07-22 20:09:00,1.14028,1.1403,1.14019,1.1403
2026-07-22 20:08:00,1.14022,1.14033,1.14022,1.14032
2026-07-22 20:07:00,1.14017,1.14033,1.14012,1.14028
2026-07-22 20:06:00,1.14024,1.14024,1.14013,1.14015
2026-07-22 20:05:00,1.14045,1.14045,1.14011,1.14016
2026-07-22 20:04:00,1.14055,1.14056,1.14025,1.14032
2026-07-22 20:03:00,1.14052,1.14059,1.14045,1.14058
2026-07-22 20:02:00,1.14052,1.14058,1.14052,1.14057
2026-07-22 20:01:00,1.14049,1.14055,1.14049,1.14054
2026-07-22 20:00:00,1.14052,1.14055,1.14048,1.14049
2026-07-22 19:59:00,1.14056,1.14056,1.14046,1.14048
2026-07-22 19:58:00,1.14061,1.14061,1.1405,1.14052
2026-07-22 19:57:00,1.14064,1.14065,1.14055,1.14058
2026-07-22 19:56:00,1.14056,1.14069,1.14055,1.14068
2026-07-22 19:55:00,1.14055,1.14065,1.14055,1.14063
2026-07-22 19:54:00,1.14055,1.14062,1.14052,1.14053
2026-07-22 19:53:00,1.14059,1.14059,1.14054,1.14055
2026-07-22 19:52:00,1.14068,1.14068,1.14055,1.14057
2026-07-22 19:51:00,1.14078,1.14078,1.14062,1.14064
2026-07-22 19:50:00,1.14088,1.14088,1.14068,1.14072
2026-07-22 19:49:00,1.1409,1.1409,1.14075,1.1408
2026-07-22 19:48:00,1.1409,1.14092,1.14088,1.14092
2026-07-22 19:47:00,1.14092,1.14095,1.14086,1.14087
2026-07-22 19:46:00,1.14092,1.14094,1.14088,1.14094
2026-07-22 19:45:00,1.14094,1.14097,1.14089,1.1409
2026-07-22 19:44:00,1.14093,1.14096,1.14089,1.14096
2026-07-22 19:43:00,1.14102,1.14102,1.14089,1.1409
2026-07-22 19:42:00,1.14117,1.14117,1.14089,1.14094
2026-07-22 19:41:00,1.1412,1.1412,1.14099,1.14106
2026-07-22 19:40:00,1.14123,1.14123,1.14111,1.14115
2026-07-22 19:39:00,1.14123,1.14125,1.14115,1.14125
2026-07-22 19:38:00,1.14127,1.14127,1.14119,1.1412
2026-07-22 19:37:00,1.1413,1.14131,1.14117,1.14121
2026-07-22 19:36:00,1.14125,1.14133,1.14119,1.14132
2026-07-22 19:35:00,1.14114,1.1413,1.14114,1.14129
2026-07-22 19:34:00,1.14095,1.14131,1.14095,1.14124
2026-07-22 19:33:00,1.14092,1.1411,1.14092,1.14106
2026-07-22 19:32:00,1.14093,1.14101,1.14089,1.1409
2026-07-22 19:31:00,1.14093,1.14095,1.14089,1.14095
2026-07-22 19:30:00,1.14093,1.14094,1.1409,1.14094
2026-07-22 19:29:00,1.1409,1.14096,1.1409,1.14095
2026-07-22 19:28:00,1.14092,1.14094,1.14089,1.14092
2026-07-22 19:27:00,1.14095,1.14095,1.14089,1.1409
2026-07-22 19:26:00,1.1409,1.14097,1.1409,1.14097
2026-07-22 19:25:00,1.14084,1.141,1.14083,1.14096
2026-07-22 19:24:00,1.14089,1.14089,1.14082,1.14084
2026-07-22 19:23:00,1.14099,1.14099,1.14081,1.14084
2026-07-22 19:22:00,1.14098,1.14102,1.14085,1.14101
2026-07-22 19:21:00,1.14097,1.141,1.14097,1.14099
2026-07-22 19:20:00,1.14093,1.141,1.14093,1.14099
2026-07-22 19:19:00,1.14091,1.14097,1.14091,1.14096
2026-07-22 19:18:00,1.14093,1.14098,1.14089,1.1409
2026-07-22 19:17:00,1.14096,1.14096,1.14086,1.14089
2026-07-22 19:16:00,1.14101,1.14101,1.14088,1.14091
2026-07-22 19:15:00,1.14094,1.14104,1.14094,1.14104
2026-07-22 19:14:00,1.14101,1.14105,1.14086,1.14088
2026-07-22 19:13:00,1.14113,1.14113,1.14091,1.14095
2026-07-22 19:12:00,1.1412,1.1412,1.14102,1.14107
2026-07-22 19:11:00,1.14119,1.14121,1.14111,1.14121
2026-07-22 19:10:00,1.14121,1.14121,1.14112,1.14115
2026-07-22 19:09:00,1.14112,1.14124,1.14112,1.14123
2026-07-22 19:08:00,1.14112,1.1412,1.14112,1.14118
2026-07-22 19:07:00,1.14113,1.14117,1.14108,1.14109
2026-07-22 19:06:00,1.14113,1.14115,1.14106,1.14115
2026-07-22 19:05:00,1.14113,1.14118,1.14108,1.14109
2026-07-22 19:04:00,1.14113,1.14115,1.14108,1.14115
2026-07-22 19:03:00,1.14116,1.14117,1.14112,1.14112
2026-07-22 19:02:00,1.14105,1.14121,1.14105,1.1412
2026-07-22 19:01:00,1.14102,1.14118,1.14101,1.14113
2026-07-22 19:00:00,1.14102,1.14106,1.14098,1.14105
2026-07-22 18:59:00,1.14093,1.14104,1.14093,1.14104
2026-07-22 18:58:00,1.14095,1.14106,1.14086,1.14088
2026-07-22 18:57:00,1.14094,1.14097,1.14086,1.14097
2026-07-22 18:56:00,1.14093,1.141,1.14089,1.14093
2026-07-22 18:55:00,1.14093,1.14096,1.14089,1.14096
2026-07-22 18:54:00,1.14088,1.14098,1.14088,1.14096
2026-07-22 18:53:00,1.14092,1.14092,1.14088,1.14089
2026-07-22 18:52:00,1.14096,1.14096,1.14081,1.14085
2026-07-22 18:51:00,1.14095,1.14098,1.14086,1.14098
2026-07-22 18:50:00,1.14107,1.14107,1.1409,1.14092
2026-07-22 18:49:00,1.14117,1.14117,1.14089,1.14096
2026-07-22 18:48:00,1.14117,1.14122,1.14103,1.14121
2026-07-22 18:47:00,1.14112,1.14121,1.14112,1.1412
2026-07-22 18:46:00,1.14118,1.14118,1.14104,1.14108
2026-07-22 18:45:00,1.14112,1.14121,1.14108,1.1412
2026-07-22 18:44:00,1.14115,1.14118,1.14111,1.14117
2026-07-22 18:43:00,1.14121,1.14121,1.14103,1.14107
2026-07-22 18:42:00,1.14113,1.14125,1.14113,1.14124
2026-07-22 18:41:00,1.14113,1.14124,1.14106,1.14108
2026-07-22 18:40:00,1.14107,1.14115,1.14104,1.14115
2026-07-22 18:39:00,1.14109,1.14113,1.14106,1.14107
2026-07-22 18:38:00,1.14108,1.1411,1.14099,1.1411
2026-07-22 18:37:00,1.14108,1.1411,1.14101,1.1411
2026-07-22 18:36:00,1.14112,1.14113,1.14101,1.14103
2026-07-22 18:35:00,1.14109,1.14115,1.14099,1.14115
2026-07-22 18:34:00,1.14117,1.14117,1.14101,1.14103
2026-07-22 18:33:00,1.14111,1.14121,1.14102,1.1412
2026-07-22 18:32:00,1.14091,1.14119,1.14091,1.14115
2026-07-22 18:31:00,1.14084,1.1411,1.14084,1.14105
2026-07-22 18:30:00,1.14077,1.14095,1.14077,1.14091
2026-07-22 18:29:00,1.1408,1.14086,1.14076,1.14077
2026-07-22 18:28:00,1.14088,1.14088,1.14071,1.14074
2026-07-22 18:27:00,1.1409,1.1409,1.14076,1.14081
2026-07-22 18:26:00,1.14088,1.14092,1.14086,1.14092
2026-07-22 18:25:00,1.14077,1.14095,1.14077,1.14092
2026-07-22 18:24:00,1.14072,1.14086,1.14072,1.14084
2026-07-22 18:23:00,1.14062,1.14083,1.14062,1.14078
2026-07-22 18:22:00,1.1406,1.14071,1.1406,1.14069
2026-07-22 18:21:00,1.14063,1.14066,1.14055,1.14057
2026-07-22 18:20:00,1.14066,1.14066,1.14051,1.14056
2026-07-22 18:19:00,1.14063,1.14068,1.14059,1.14068
2026-07-22 18:18:00,1.14052,1.14069,1.14052,1.14067
2026-07-22 18:17:00,1.14052,1.14062,1.14052,1.1406
2026-07-22 18:16:00,1.14068,1.14068,1.14045,1.14047
2026-07-22 18:15:00,1.14068,1.14081,1.1405,1.14068
2026-07-22 18:14:00,1.14063,1.14072,1.14063,1.14071
2026-07-22 18:13:00,1.14066,1.14067,1.14063,1.14066
2026-07-22 18:12:00,1.14068,1.14068,1.14058,1.14061
2026-07-22 18:11:00,1.14065,1.1407,1.14065,1.1407
2026-07-22 18:10:00,1.14071,1.14071,1.14063,1.14064
2026-07-22 18:09:00,1.14074,1.14074,1.1406,1.14064
2026-07-22 18:08:00,1.14078,1.14078,1.14071,1.14072
2026-07-22 18:07:00,1.14078,1.14078,1.14073,1.14078
2026-07-22 18:06:00,1.14086,1.14086,1.14073,1.14075
2026-07-22 18:05:00,1.14085,1.14089,1.1408,1.14089
2026-07-22 18:04:00,1.14085,1.14088,1.14085,1.14088
2026-07-22 18:03:00,1.1409,1.14091,1.14081,1.14082
2026-07-22 18:02:00,1.14094,1.14094,1.14084,1.14087
2026-07-22 18:01:00,1.14094,1.14095,1.14088,1.14095
2026-07-22 18:00:00,1.14102,1.14102,1.1409,1.14092
2026-07-22 17:59:00,1.14106,1.14106,1.14091,1.14095
2026-07-22 17:58:00,1.14104,1.14106,1.14101,1.14106
2026-07-22 17:57:00,1.141,1.14106,1.141,1.14106
2026-07-22 17:56:00,1.14088,1.14109,1.14088,1.14105
2026-07-22 17:55:00,1.14082,1.14098,1.14082,1.14096
2026-07-22 17:54:00,1.14064,1.14095,1.14064,1.14089
2026-07-22 17:53:00,1.14068,1.14078,1.14063,1.14075
2026-07-22 17:52:00,1.14061,1.14071,1.14061,1.1407
2026-07-22 17:51:00,1.14053,1.14068,1.14053,1.14067
2026-07-22 17:50:00,1.14046,1.14065,1.14046,1.1406
2026-07-22 17:49:00,1.14049,1.14054,1.14045,1.14046
2026-07-22 17:48:00,1.14054,1.14054,1.14038,1.14042
2026-07-22 17:47:00,1.14061,1.14061,1.14046,1.14049
2026-07-22 17:46:00,1.14071,1.14071,1.14051,1.14055
2026-07-22 17:45:00,1.14075,1.14075,1.14065,1.14068
2026-07-22 17:44:00,1.14079,1.14079,1.14071,1.14073
2026-07-22 17:43:00,1.14092,1.14092,1.14073,1.14075
2026-07-22 17:42:00,1.14108,1.14108,1.14078,1.14083
2026-07-22 17:41:00,1.14129,1.14129,1.14091,1.14098
2026-07-22 17:40:00,1.14138,1.14138,1.14112,1.14118
2026-07-22 17:39:00,1.14139,1.14139,1.14128,1.14139
2026-07-22 17:38:00,1.14147,1.14147,1.14134,1.14136
2026-07-22 17:37:00,1.14142,1.14152,1.14138,1.14151
2026-07-22 17:36:00,1.14147,1.14151,1.14136,1.14138
2026-07-22 17:35:00,1.14154,1.14154,1.14138,1.14142
2026-07-22 17:34:00,1.14172,1.14172,1.14138,1.14144
2026-07-22 17:33:00,1.1417,1.14183,1.14153,1.14179
2026-07-22 17:32:00,1.14164,1.14174,1.14164,1.14172
2026-07-22 17:31:00,1.14136,1.14177,1.14136,1.14173
2026-07-22 17:30:00,1.14136,1.14168,1.1412,1.14124
2026-07-22 17:29:00,1.14134,1.14138,1.14124,1.14138
2026-07-22 17:28:00,1.14129,1.14137,1.14129,1.14136
2026-07-22 17:27:00,1.1413,1.14137,1.14124,1.1413
2026-07-22 17:26:00,1.14131,1.14131,1.14121,1.14131
2026-07-22 17:25:00,1.14139,1.14139,1.14125,1.14127
2026-07-22 17:24:00,1.14141,1.14144,1.14125,1.1413
2026-07-22 17:23:00,1.14149,1.14149,1.14133,1.14136
2026-07-22 17:22:00,1.14141,1.14154,1.14136,1.14153
2026-07-22 17:21:00,1.14135,1.14152,1.14133,1.14147
2026-07-22 17:20:00,1.14123,1.1414,1.14123,1.14139
2026-07-22 17:19:00,1.14115,1.14137,1.14115,1.14132
2026-07-22 17:18:00,1.14117,1.14125,1.14114,1.14115
2026-07-22 17:17:00,1.14124,1.14124,1.14112,1.14114
2026-07-22 17:16:00,1.14117,1.14127,1.14115,1.14126
2026-07-22 17:15:00,1.14118,1.14125,1.14117,1.14123
2026-07-22 17:14:00,1.14115,1.14123,1.14107,1.14121
2026-07-22 17:13:00,1.14119,1.14119,1.14114,1.14115
2026-07-22 17:12:00,1.14123,1.14123,1.14108,1.14112
2026-07-22 17:11:00,1.14116,1.14127,1.14114,1.14126
2026-07-22 17:10:00,1.14113,1.14126,1.14112,1.14122
2026-07-22 17:09:00,1.14105,1.14117,1.14105,1.14116
2026-07-22 17:08:00,1.14097,1.14115,1.14097,1.14112
2026-07-22 17:07:00,1.141,1.14108,1.14093,1.14095
2026-07-22 17:06:00,1.14097,1.14103,1.14094,1.14103
2026-07-22 17:05:00,1.14093,1.14105,1.14093,1.14102
2026-07-22 17:04:00,1.14101,1.14101,1.1409,1.14092
2026-07-22 17:03:00,1.14119,1.14119,1.14091,1.14095
2026-07-22 17:02:00,1.14117,1.1413,1.14101,1.14126
2026-07-22 17:01:00,1.14116,1.14121,1.1411,1.1412
2026-07-22 17:00:00,1.14105,1.1412,1.14105,1.14119
2026-07-22 16:59:00,1.14102,1.14118,1.14101,1.14113
2026-07-22 16:58:00,1.141,1.14106,1.14097,1.14105
2026-07-22 16:57:00,1.14099,1.14102,1.14099,1.14102
2026-07-22 16:56:00,1.14112,1.14112,1.14094,1.14096
2026-07-22 16:55:00,1.14117,1.14122,1.14097,1.14103
2026-07-22 16:54:00,1.14119,1.14119,1.14106,1.1411
2026-07-22 16:53:00,1.14111,1.14123,1.14111,1.14122
2026-07-22 16:52:00,1.14117,1.14123,1.14101,1.14104
2026-07-22 16:51:00,1.14114,1.14122,1.14103,1.14121
2026-07-22 16:50:00,1.14111,1.1412,1.14108,1.14118
2026-07-22 16:49:00,1.14115,1.14115,1.14107,1.14109
2026-07-22 16:48:00,1.1412,1.1412,1.14107,1.1411
2026-07-22 16:47:00,1.14115,1.14123,1.14108,1.14122
2026-07-22 16:46:00,1.14115,1.1412,1.14115,1.14119
2026-07-22 16:45:00,1.14111,1.1412,1.1411,1.14118
2026-07-22 16:44:00,1.14113,1.14114,1.1411,1.14114
2026-07-22 16:43:00,1.14095,1.14119,1.14095,1.14117
2026-07-22 16:42:00,1.14094,1.14111,1.14094,1.14108
2026-07-22 16:41:00,1.14096,1.14103,1.14087,1.14089
2026-07-22 16:40:00,1.141,1.141,1.14092,1.14094
2026-07-22 16:39:00,1.14104,1.14104,1.14091,1.14094
2026-07-22 16:38:00,1.14111,1.14111,1.14098,1.141
2026-07-22 16:37:00,1.14113,1.14113,1.14102,1.14105
2026-07-22 16:36:00,1.14108,1.14115,1.14108,1.14114
2026-07-22 16:35:00,1.14103,1.14112,1.14103,1.14111
2026-07-22 16:34:00,1.1409,1.14113,1.1409,1.14109
2026-07-22 16:33:00,1.14086,1.14101,1.14086,1.14099
2026-07-22 16:32:00,1.14082,1.14097,1.14076,1.14092
2026-07-22 16:31:00,1.14083,1.14085,1.14078,1.14085
2026-07-22 16:30:00,1.14093,1.14093,1.14081,1.14082
2026-07-22 16:29:00,1.141,1.141,1.14081,1.14086
2026-07-22 16:28:00,1.14103,1.14103,1.14091,1.14095
2026-07-22 16:27:00,1.14109,1.14109,1.14095,1.14098
2026-07-22 16:26:00,1.14116,1.14116,1.14097,1.14102
2026-07-22 16:25:00,1.14118,1.14118,1.14103,1.14108
2026-07-22 16:24:00,1.14116,1.1412,1.14111,1.1412
2026-07-22 16:23:00,1.14108,1.14123,1.14108,1.1412
2026-07-22 16:22:00,1.14115,1.14115,1.14104,1.14107
2026-07-22 16:21:00,1.14111,1.14119,1.14106,1.14118
2026-07-22 16:20:00,1.14111,1.14116,1.1411,1.14115
2026-07-22 16:19:00,1.14112,1.14114,1.14102,1.14105
2026-07-22 16:18:00,1.14111,1.14113,1.14107,1.14113
2026-07-22 16:17:00,1.14112,1.14112,1.14107,1.14108
2026-07-22 16:16:00,1.14122,1.14122,1.14107,1.14109
2026-07-22 16:15:00,1.14121,1.14129,1.1411,1.14127
2026-07-22 16:14:00,1.14112,1.14126,1.14112,1.14124
2026-07-22 16:13:00,1.14112,1.14119,1.1411,1.14118
2026-07-22 16:12:00,1.14106,1.14118,1.14106,1.14116
2026-07-22 16:11:00,1.14109,1.14111,1.14103,1.14111
2026-07-22 16:10:00,1.14112,1.14112,1.14102,1.14104
2026-07-22 16:09:00,1.1411,1.14113,1.14101,1.14113
2026-07-22 16:08:00,1.14117,1.14117,1.14107,1.14108
2026-07-22 16:07:00,1.14117,1.14118,1.14104,1.14118
2026-07-22 16:06:00,1.14126,1.14126,1.14108,1.14112
2026-07-22 16:05:00,1.14135,1.14135,1.14108,1.14115
2026-07-22 16:04:00,1.14124,1.1414,1.14124,1.14139
2026-07-22 16:03:00,1.141,1.14139,1.141,1.14133
2026-07-22 16:02:00,1.14101,1.1412,1.14101,1.14115
2026-07-22 16:01:00,1.14091,1.14108,1.14091,1.14105
2026-07-22 16:00:00,1.14083,1.14099,1.14083,1.14098
2026-07-22 15:59:00,1.14081,1.14096,1.14076,1.14081
2026-07-22 15:58:00,1.14081,1.14083,1.14076,1.14083
2026-07-22 15:57:00,1.14078,1.14082,1.14076,1.14082
2026-07-22 15:56:00,1.14083,1.14084,1.14076,1.14077
2026-07-22 15:55:00,1.14078,1.14086,1.14071,1.14086
2026-07-22 15:54:00,1.14076,1.14088,1.14072,1.14084
2026-07-22 15:53:00,1.14072,1.14079,1.14072,1.14079
2026-07-22 15:52:00,1.14067,1.14081,1.14065,1.14077
2026-07-22 15:51:00,1.14067,1.1407,1.14067,1.1407
2026-07-22 15:50:00,1.1407,1.14072,1.14065,1.14065
2026-07-22 15:49:00,1.1407,1.14072,1.14065,1.14072
2026-07-22 15:48:00,1.14069,1.14072,1.14069,1.14071
2026-07-22 15:47:00,1.14073,1.14073,1.14065,1.14067
2026-07-22 15:46:00,1.14071,1.14075,1.14065,1.14075
2026-07-22 15:45:00,1.14064,1.14077,1.14064,1.14075
2026-07-22 15:44:00,1.14063,1.1407,1.14063,1.14069
2026-07-22 15:43:00,1.14071,1.14071,1.1406,1.14061
2026-07-22 15:42:00,1.1407,1.14077,1.14062,1.14075
2026-07-22 15:41:00,1.1407,1.14074,1.14069,1.1407
2026-07-22 15:40:00,1.1407,1.14072,1.14069,1.14072
2026-07-22 15:39:00,1.14072,1.14073,1.14069,1.14069
2026-07-22 15:38:00,1.14067,1.14074,1.14067,1.14074
2026-07-22 15:37:00,1.14065,1.14073,1.14065,1.14071
2026-07-22 15:36:00,1.1406,1.1407,1.1406,1.14068
2026-07-22 15:35:00,1.14067,1.14067,1.14056,1.14058
2026-07-22 15:34:00,1.14073,1.14073,1.14059,1.14062
2026-07-22 15:33:00,1.14072,1.14077,1.14067,1.14076
2026-07-22 15:32:00,1.14077,1.14077,1.14069,1.1407
2026-07-22 15:31:00,1.14076,1.14081,1.1407,1.1408
2026-07-22 15:30:00,1.14078,1.1408,1.14072,1.14073
2026-07-22 15:29:00,1.14083,1.14083,1.14073,1.14075
2026-07-22 15:28:00,1.14089,1.14089,1.14077,1.14079
2026-07-22 15:27:00,1.1409,1.1409,1.14084,1.1409
2026-07-22 15:26:00,1.1409,1.14091,1.14085,1.14091
2026-07-22 15:25:00,1.14095,1.14095,1.14084,1.14086
2026-07-22 15:24:00,1.14093,1.14098,1.14088,1.14097
2026-07-22 15:23:00,1.14083,1.141,1.14083,1.14097
2026-07-22 15:22:00,1.14083,1.14094,1.14083,1.14092
2026-07-22 15:21:00,1.14081,1.1409,1.14081,1.14087
2026-07-22 15:20:00,1.14079,1.14085,1.14079,1.14085
2026-07-22 15:19:00,1.14076,1.14086,1.14076,1.14083
2026-07-22 15:18:00,1.14081,1.14081,1.14075,1.14076
2026-07-22 15:17:00,1.14081,1.14081,1.14073,1.14081
2026-07-22 15:16:00,1.14081,1.14084,1.1408,1.14083
2026-07-22 15:15:00,1.14088,1.14088,1.14077,1.14079
2026-07-22 15:14:00,1.1409,1.1409,1.14081,1.14084
2026-07-22 15:13:00,1.14089,1.14092,1.14086,1.14092
2026-07-22 15:12:00,1.14083,1.14095,1.14083,1.14093
2026-07-22 15:11:00,1.14083,1.14088,1.14083,1.14087
2026-07-22 15:10:00,1.14088,1.14088,1.14081,1.14081
2026-07-22 15:09:00,1.1409,1.14091,1.14082,1.1409
2026-07-22 15:08:00,1.14089,1.1409,1.14088,1.1409
2026-07-22 15:07:00,1.1409,1.14092,1.14082,1.14092
2026-07-22 15:06:00,1.14093,1.14093,1.14082,1.14085
2026-07-22 15:05:00,1.1409,1.14094,1.14088,1.14094
2026-07-22 15:04:00,1.14087,1.14092,1.14087,1.14092
2026-07-22 15:03:00,1.14083,1.14095,1.14083,1.14092
2026-07-22 15:02:00,1.14084,1.14086,1.14082,1.14086
2026-07-22 15:01:00,1.14085,1.14088,1.14082,1.14083
2026-07-22 15:00:00,1.14082,1.14087,1.1408,1.14087
2026-07-22 14:59:00,1.1408,1.14089,1.14079,1.14086
2026-07-22 14:58:00,1.1408,1.14082,1.1408,1.14082
2026-07-22 14:57:00,1.14081,1.14082,1.14078,1.14079
2026-07-22 14:56:00,1.14079,1.14082,1.14077,1.14082
2026-07-22 14:55:00,1.1408,1.1408,1.14078,1.1408
2026-07-22 14:54:00,1.14079,1.14083,1.14077,1.14082
2026-07-22 14:53:00,1.1408,1.14082,1.14079,1.14082
2026-07-22 14:52:00,1.14081,1.14085,1.14079,1.14079
2026-07-22 14:51:00,1.14081,1.14084,1.14078,1.14084
2026-07-22 14:50:00,1.14078,1.14086,1.14076,1.14084
2026-07-22 14:49:00,1.1408,1.14081,1.14078,1.14081
2026-07-22 14:48:00,1.14084,1.14084,1.14076,1.14077
2026-07-22 14:47:00,1.14081,1.14085,1.14076,1.14085
2026-07-22 14:46:00,1.14084,1.14084,1.1408,1.14081
2026-07-22 14:45:00,1.14085,1.14085,1.14077,1.14085
2026-07-22 14:44:00,1.14086,1.14087,1.14082,1.14087
2026-07-22 14:43:00,1.1408,1.1409,1.1408,1.14088
2026-07-22 14:42:00,1.14079,1.14085,1.14079,1.14084
2026-07-22 14:41:00,1.14074,1.14086,1.14074,1.14083
2026-07-22 14:40:00,1.14075,1.14078,1.14075,1.14078
2026-07-22 14:39:00,1.14076,1.14079,1.14074,1.14074
2026-07-22 14:38:00,1.14075,1.14078,1.14075,1.14078
2026-07-22 14:37:00,1.14078,1.14078,1.14073,1.14074
2026-07-22 14:36:00,1.1408,1.1408,1.14073,1.14075
2026-07-22 14:35:00,1.14075,1.14082,1.14075,1.14082
2026-07-22 14:34:00,1.14073,1.14084,1.14071,1.14081
2026-07-22 14:33:00,1.14073,1.14075,1.14073,1.14075
2026-07-22 14:32:00,1.14076,1.14078,1.14072,1.14072
2026-07-22 14:31:00,1.14076,1.14078,1.14071,1.14078
2026-07-22 14:30:00,1.14073,1.1408,1.14073,1.14078
2026-07-22 14:29:00,1.14069,1.14076,1.14069,1.14076
2026-07-22 14:28:00,1.14066,1.14077,1.14065,1.14074
2026-07-22 14:27:00,1.1407,1.1407,1.14065,1.14066
2026-07-22 14:26:00,1.14068,1.14072,1.14065,1.14072
2026-07-22 14:25:00,1.14064,1.14073,1.14064,1.14072
2026-07-22 14:24:00,1.14063,1.14068,1.14063,1.14067
2026-07-22 14:23:00,1.14066,1.14069,1.14062,1.14062
2026-07-22 14:22:00,1.14065,1.14068,1.1406,1.14068
2026-07-22 14:21:00,1.14064,1.14071,1.14064,1.14064
2026-07-22 14:20:00,1.14066,1.14066,1.14063,1.14066
2026-07-22 14:19:00,1.14069,1.14069,1.14062,1.14063
2026-07-22 14:18:00,1.14069,1.14071,1.14063,1.14071
2026-07-22 14:17:00,1.14066,1.14071,1.14066,1.1407
2026-07-22 14:16:00,1.1406,1.14071,1.1406,1.1407
2026-07-22 14:15:00,1.14058,1.14066,1.14058,1.14064
2026-07-22 14:14:00,1.14053,1.14064,1.14053,1.14062
2026-07-22 14:13:00,1.1406,1.1406,1.14051,1.14053
2026-07-22 14:12:00,1.14068,1.14068,1.14052,1.14055
2026-07-22 14:11:00,1.14067,1.14074,1.14059,1.14073
2026-07-22 14:10:00,1.14067,1.14072,1.14066,1.14066
2026-07-22 14:09:00,1.14071,1.14071,1.14064,1.14066
2026-07-22 14:08:00,1.1407,1.14072,1.14068,1.14072
2026-07-22 14:07:00,1.1407,1.14072,1.14069,1.14072
2026-07-22 14:06:00,1.14072,1.14072,1.14069,1.1407
2026-07-22 14:05:00,1.14074,1.14074,1.14071,1.14072
2026-07-22 14:04:00,1.14072,1.14075,1.14071,1.14075
2026-07-22 14:03:00,1.14071,1.14078,1.14069,1.14071
2026-07-22 14:02:00,1.14073,1.14074,1.1407,1.14074
2026-07-22 14:01:00,1.14076,1.14076,1.14069,1.1407
2026-07-22 14:00:00,1.14075,1.14078,1.14072,1.14078
2026-07-22 13:59:00,1.14072,1.1408,1.14072,1.14078
2026-07-22 13:58:00,1.14071,1.14075,1.14071,1.14075
2026-07-22 13:57:00,1.14066,1.14075,1.14066,1.14073
2026-07-22 13:56:00,1.14064,1.14072,1.14064,1.14071
2026-07-22 13:55:00,1.14064,1.14067,1.14064,1.14066
2026-07-22 13:54:00,1.14062,1.14068,1.14062,1.14067
2026-07-22 13:53:00,1.14064,1.14067,1.14062,1.14064
2026-07-22 13:52:00,1.14066,1.14067,1.1406,1.14061
2026-07-22 13:51:00,1.14064,1.14068,1.14062,1.14068
2026-07-22 13:50:00,1.14066,1.14071,1.14062,1.14062
2026-07-22 13:49:00,1.14067,1.14068,1.14062,1.14068
2026-07-22 13:48:00,1.14069,1.1407,1.1406,1.14062
2026-07-22 13:47:00,1.14067,1.14071,1.14067,1.14071
2026-07-22 13:46:00,1.14064,1.14071,1.14064,1.1407
2026-07-22 13:45:00,1.14068,1.14069,1.14063,1.14064
2026-07-22 13:44:00,1.14066,1.1407,1.14063,1.1407
2026-07-22 13:43:00,1.14066,1.14072,1.14064,1.14066
2026-07-22 13:42:00,1.14069,1.14069,1.14063,1.14065
2026-07-22 13:41:00,1.14066,1.14071,1.14065,1.1407
2026-07-22 13:40:00,1.14065,1.14069,1.14064,1.14069
2026-07-22 13:39:00,1.14065,1.14072,1.14061,1.14062
2026-07-22 13:38:00,1.14069,1.14069,1.1406,1.14062
2026-07-22 13:37:00,1.1407,1.1407,1.1406,1.14063
2026-07-22 13:36:00,1.14068,1.14072,1.14063,1.14072
2026-07-22 13:35:00,1.14068,1.14071,1.14064,1.1407
2026-07-22 13:34:00,1.14078,1.14078,1.14063,1.14065
2026-07-22 13:33:00,1.14077,1.14084,1.14067,1.14082
2026-07-22 13:32:00,1.14077,1.14082,1.14072,1.14077
2026-07-22 13:31:00,1.14078,1.1408,1.14072,1.1408
2026-07-22 13:30:00,1.14081,1.14083,1.14072,1.14074
2026-07-22 13:29:00,1.14077,1.14083,1.14073,1.14083
2026-07-22 13:28:00,1.14072,1.14084,1.14072,1.14081
2026-07-22 13:27:00,1.14072,1.14077,1.14069,1.14076
2026-07-22 13:26:00,1.14069,1.14075,1.14067,1.14074
2026-07-22 13:25:00,1.14071,1.14074,1.14064,1.14066
2026-07-22 13:24:00,1.14068,1.14072,1.14063,1.14072
2026-07-22 13:23:00,1.14068,1.14075,1.14064,1.14065
2026-07-22 13:22:00,1.14066,1.1407,1.14062,1.1407
2026-07-22 13:21:00,1.14063,1.14073,1.14062,1.1407
2026-07-22 13:20:00,1.14065,1.14066,1.14058,1.14066
2026-07-22 13:19:00,1.14069,1.14069,1.14062,1.14063
2026-07-22 13:18:00,1.14067,1.14071,1.1406,1.14071
2026-07-22 13:17:00,1.14061,1.14072,1.14061,1.1407
2026-07-22 13:16:00,1.14057,1.14068,1.14057,1.14066
2026-07-22 13:15:00,1.14051,1.14063,1.14051,1.14061
2026-07-22 13:14:00,1.14051,1.1406,1.14049,1.14057
2026-07-22 13:13:00,1.14057,1.14057,1.14046,1.14048
2026-07-22 13:12:00,1.14059,1.14059,1.14048,1.14051
2026-07-22 13:11:00,1.14062,1.14062,1.14056,1.14058
2026-07-22 13:10:00,1.14076,1.14076,1.14056,1.14058
2026-07-22 13:09:00,1.14074,1.14085,1.1406,1.14082
2026-07-22 13:08:00,1.14067,1.14078,1.14067,1.14077
2026-07-22 13:07:00,1.14068,1.14074,1.14068,1.14073
2026-07-22 13:06:00,1.14069,1.14071,1.14067,1.14067
2026-07-22 13:05:00,1.14069,1.1407,1.14067,1.1407
2026-07-22 13:04:00,1.14065,1.14069,1.14065,1.14069
2026-07-22 13:03:00,1.1407,1.14072,1.14062,1.14063
2026-07-22 13:02:00,1.14067,1.14073,1.14064,1.14072
2026-07-22 13:01:00,1.14065,1.14074,1.14063,1.14071
2026-07-22 13:00:00,1.14067,1.14068,1.1406,1.14068
2026-07-22 12:59:00,1.14071,1.14071,1.14063,1.14064
2026-07-22 12:58:00,1.14074,1.14074,1.14063,1.14067
2026-07-22 12:57:00,1.14076,1.14076,1.14068,1.1407
2026-07-22 12:56:00,1.14068,1.1408,1.14068,1.14079
2026-07-22 12:55:00,1.14065,1.14078,1.14065,1.14074
2026-07-22 12:54:00,1.14062,1.1407,1.14062,1.14068
2026-07-22 12:53:00,1.1406,1.14064,1.1406,1.14064
2026-07-22 12:52:00,1.14059,1.14067,1.14058,1.14065
2026-07-22 12:51:00,1.14062,1.14062,1.14056,1.14062
2026-07-22 12:50:00,1.14069,1.14069,1.14058,1.14059
2026-07-22 12:49:00,1.1407,1.14073,1.14059,1.1407
2026-07-22 12:48:00,1.14071,1.14072,1.14062,1.14065
2026-07-22 12:47:00,1.14073,1.14073,1.14067,1.14073
2026-07-22 12:46:00,1.14075,1.14075,1.14065,1.14068
2026-07-22 12:45:00,1.14078,1.14078,1.14067,1.1407
2026-07-22 12:44:00,1.14074,1.1408,1.14071,1.1408
2026-07-22 12:43:00,1.14074,1.14082,1.14071,1.14074
2026-07-22 12:42:00,1.1407,1.14076,1.14067,1.14076
2026-07-22 12:41:00,1.14069,1.14079,1.14065,1.14069
2026-07-22 12:40:00,1.14067,1.14071,1.14065,1.14071
2026-07-22 12:39:00,1.1407,1.14074,1.14063,1.14064
2026-07-22 12:38:00,1.14071,1.14073,1.1406,1.14073
2026-07-22 12:37:00,1.14077,1.14077,1.14064,1.14066
2026-07-22 12:36:00,1.1408,1.1408,1.14067,1.14071
2026-07-22 12:35:00,1.14079,1.14081,1.14071,1.14081
2026-07-22 12:34:00,1.14078,1.14083,1.14075,1.14082
2026-07-22 12:33:00,1.14074,1.1408,1.14074,1.1408
2026-07-22 12:32:00,1.14079,1.14082,1.14069,1.1407
2026-07-22 12:31:00,1.14088,1.14088,1.14065,1.1407
2026-07-22 12:30:00,1.14091,1.14091,1.14073,1.14079
2026-07-22 12:29:00,1.1408,1.14098,1.1408,1.14097
2026-07-22 12:28:00,1.14071,1.14096,1.14063,1.14089
2026-07-22 12:27:00,1.14065,1.14076,1.14065,1.14075
2026-07-22 12:26:00,1.14061,1.14075,1.1406,1.14071
2026-07-22 12:25:00,1.14059,1.14065,1.14059,1.14064
2026-07-22 12:24:00,1.14054,1.14062,1.14054,1.14061
2026-07-22 12:23:00,1.14048,1.14062,1.14048,1.14059
2026-07-22 12:22:00,1.14045,1.14053,1.14043,1.14052
2026-07-22 12:21:00,1.14042,1.14053,1.14042,1.1405
2026-07-22 12:20:00,1.14047,1.14047,1.14038,1.1404
2026-07-22 12:19:00,1.14049,1.14049,1.14037,1.14041
2026-07-22 12:18:00,1.14048,1.14052,1.14047,1.14052
2026-07-22 12:17:00,1.14048,1.14053,1.14047,1.14047
2026-07-22 12:16:00,1.14049,1.1405,1.14047,1.1405
2026-07-22 12:15:00,1.14051,1.14051,1.14047,1.14048
2026-07-22 12:14:00,1.14049,1.14052,1.14047,1.14052
2026-07-22 12:13:00,1.14044,1.14052,1.14044,1.14051
2026-07-22 12:12:00,1.14038,1.14053,1.14038,1.1405
2026-07-22 12:11:00,1.14028,1.14045,1.14028,1.14044
2026-07-22 12:10:00,1.14022,1.14044,1.14012,1.14037
2026-07-22 12:09:00,1.14021,1.14025,1.14021,1.14025
2026-07-22 12:08:00,1.14015,1.14027,1.14015,1.14025
2026-07-22 12:07:00,1.14018,1.1402,1.14015,1.14018
2026-07-22 12:06:00,1.14021,1.14021,1.14015,1.14016
2026-07-22 12:05:00,1.14019,1.14023,1.14019,1.14023
2026-07-22 12:04:00,1.14019,1.14024,1.14019,1.14023
2026-07-22 12:03:00,1.14024,1.14024,1.14016,1.14017
2026-07-22 12:02:00,1.14029,1.14029,1.14016,1.14019
2026-07-22 12:01:00,1.1403,1.1403,1.14021,1.1403
2026-07-22 12:00:00,1.1403,1.14033,1.14029,1.14033
2026-07-22 11:59:00,1.14025,1.14035,1.14025,1.14033
2026-07-22 11:58:00,1.14025,1.1403,1.14025,1.14029
2026-07-22 11:57:00,1.14028,1.1403,1.14021,1.14022
2026-07-22 11:56:00,1.14023,1.14029,1.14023,1.14029
2026-07-22 11:55:00,1.14028,1.1403,1.1402,1.14021
2026-07-22 11:54:00,1.14028,1.14029,1.1402,1.14029
2026-07-22 11:53:00,1.14025,1.1403,1.14025,1.1403
2026-07-22 11:52:00,1.14021,1.14032,1.14021,1.1403
2026-07-22 11:51:00,1.14025,1.14025,1.14021,1.14022
2026-07-22 11:50:00,1.1403,1.1403,1.1402,1.14022
2026-07-22 11:49:00,1.14026,1.14033,1.14022,1.14032
2026-07-22 11:48:00,1.14021,1.14034,1.14021,1.1403
2026-07-22 11:47:00,1.14016,1.14026,1.14016,1.14026
2026-07-22 11:46:00,1.14012,1.14026,1.14011,1.14022
2026-07-22 11:45:00,1.14009,1.14016,1.14009,1.14015
2026-07-22 11:44:00,1.14009,1.14014,1.14008,1.14009
2026-07-22 11:43:00,1.14009,1.14012,1.14006,1.14011
2026-07-22 11:42:00,1.14009,1.14011,1.14008,1.14011
2026-07-22 11:41:00,1.14008,1.14014,1.14008,1.14012
2026-07-22 11:40:00,1.14003,1.14012,1.14003,1.14011
2026-07-22 11:39:00,1.13996,1.14013,1.13994,1.14008
2026-07-22 11:38:00,1.13995,1.14,1.13995,1.14
2026-07-22 11:37:00,1.14001,1.14001,1.13992,1.13993
2026-07-22 11:36:00,1.14001,1.14003,1.13991,1.14003
2026-07-22 11:35:00,1.14003,1.14003,1.13998,1.13999
2026-07-22 11:34:00,1.14011,1.14011,1.13998,1.14
2026-07-22 11:33:00,1.1402,1.1402,1.14,1.14004
2026-07-22 11:32:00,1.14035,1.14035,1.14008,1.14013
2026-07-22 11:31:00,1.14032,1.14045,1.1402,1.14041
2026-07-22 11:30:00,1.14031,1.14038,1.1403,1.14031
2026-07-22 11:29:00,1.14032,1.14034,1.1403,1.14034
2026-07-22 11:28:00,1.1403,1.14037,1.1403,1.14035
2026-07-22 11:27:00,1.14032,1.14033,1.1403,1.14033
2026-07-22 11:26:00,1.14037,1.14037,1.1403,1.1403
2026-07-22 11:25:00,1.1404,1.1404,1.14029,1.14032
2026-07-22 11:24:00,1.1404,1.1404,1.14035,1.1404
2026-07-22 11:23:00,1.14043,1.14043,1.14038,1.14039
2026-07-22 11:22:00,1.14044,1.14045,1.14039,1.14045
2026-07-22 11:21:00,1.14043,1.14048,1.14041,1.14047
2026-07-22 11:20:00,1.14045,1.14046,1.14039,1.14046
2026-07-22 11:19:00,1.14049,1.14049,1.14043,1.14043
2026-07-22 11:18:00,1.14049,1.14052,1.14043,1.14052
2026-07-22 11:17:00,1.14058,1.14058,1.14046,1.14047
2026-07-22 11:16:00,1.14059,1.14062,1.14047,1.14059
2026-07-22 11:15:00,1.14063,1.14063,1.14052,1.14054
2026-07-22 11:14:00,1.14062,1.14065,1.14054,1.14065
2026-07-22 11:13:00,1.14062,1.14064,1.1406,1.14062
2026-07-22 11:12:00,1.14065,1.14065,1.14056,1.14058
2026-07-22 11:11:00,1.14063,1.14067,1.14058,1.14067
2026-07-22 11:10:00,1.14062,1.14069,1.14059,1.14067
2026-07-22 11:09:00,1.14062,1.14064,1.14059,1.14064
2026-07-22 11:08:00,1.14066,1.14067,1.14056,1.14058
2026-07-22 11:07:00,1.1406,1.14069,1.14056,1.14069
2026-07-22 11:06:00,1.1405,1.14069,1.1405,1.14065
2026-07-22 11:05:00,1.14049,1.1406,1.14049,1.14058
2026-07-22 11:04:00,1.14056,1.14056,1.14043,1.14045
2026-07-22 11:03:00,1.14059,1.14059,1.14041,1.14047
2026-07-22 11:02:00,1.14048,1.14063,1.14048,1.14062
2026-07-22 11:01:00,1.14041,1.14063,1.14037,1.14057
2026-07-22 11:00:00,1.14034,1.14046,1.14034,1.14045
2026-07-22 10:59:00,1.14025,1.14047,1.14023,1.14042
2026-07-22 10:58:00,1.14025,1.14032,1.14025,1.14031
2026-07-22 10:57:00,1.14027,1.14031,1.14021,1.14022
2026-07-22 10:56:00,1.14032,1.14032,1.14022,1.14024
2026-07-22 10:55:00,1.1403,1.14034,1.14024,1.14034
2026-07-22 10:54:00,1.14033,1.14035,1.14029,1.1403
2026-07-22 10:53:00,1.14031,1.14033,1.14029,1.14033
2026-07-22 10:52:00,1.14032,1.14036,1.14031,1.14032
2026-07-22 10:51:00,1.14034,1.14034,1.1403,1.14031
2026-07-22 10:50:00,1.14037,1.14037,1.14032,1.14033
2026-07-22 10:49:00,1.14035,1.14039,1.14033,1.14039
2026-07-22 10:48:00,1.14033,1.14042,1.14031,1.14033
2026-07-22 10:47:00,1.14035,1.14036,1.14033,1.14036
2026-07-22 10:46:00,1.14032,1.14038,1.14032,1.14037
2026-07-22 10:45:00,1.14032,1.14035,1.14032,1.14035
2026-07-22 10:44:00,1.14032,1.14035,1.1403,1.14032
2026-07-22 10:43:00,1.14033,1.14034,1.14029,1.14033
2026-07-22 10:42:00,1.14035,1.14035,1.14032,1.14033
2026-07-22 10:41:00,1.14045,1.14045,1.14032,1.14033
2026-07-22 10:40:00,1.1405,1.14051,1.14032,1.14037
2026-07-22 10:39:00,1.14054,1.14054,1.14039,1.14043
2026-07-22 10:38:00,1.14054,1.14056,1.1405,1.14056
2026-07-22 10:37:00,1.1406,1.1406,1.14048,1.1405
2026-07-22 10:36:00,1.14062,1.14064,1.14051,1.14062
2026-07-22 10:35:00,1.14064,1.14064,1.14055,1.14057
2026-07-22 10:34:00,1.14064,1.14066,1.14059,1.14066
2026-07-22 10:33:00,1.14065,1.14066,1.14055,1.14065
2026-07-22 10:32:00,1.1407,1.1407,1.14058,1.14061
2026-07-22 10:31:00,1.14069,1.14073,1.1406,1.14072
2026-07-22 10:30:00,1.14067,1.14074,1.14067,1.14072
2026-07-22 10:29:00,1.14068,1.14069,1.14064,1.14069
2026-07-22 10:28:00,1.14069,1.14072,1.1406,1.14062
2026-07-22 10:27:00,1.14066,1.14071,1.14065,1.14071
2026-07-22 10:26:00,1.14065,1.14073,1.14063,1.14065
2026-07-22 10:25:00,1.14067,1.14067,1.1406,1.14067
2026-07-22 10:24:00,1.14063,1.14068,1.1406,1.14068
2026-07-22 10:23:00,1.14065,1.14069,1.1406,1.14065
2026-07-22 10:22:00,1.1406,1.14067,1.1406,1.14067
2026-07-22 10:21:00,1.14053,1.14068,1.14053,1.14065
2026-07-22 10:20:00,1.1405,1.14059,1.1405,1.14058
2026-07-22 10:19:00,1.14046,1.14058,1.14044,1.14055
2026-07-22 10:18:00,1.14046,1.14049,1.14042,1.14049
2026-07-22 10:17:00,1.14037,1.14052,1.14037,1.1405
2026-07-22 10:16:00,1.14036,1.14045,1.14034,1.14044
2026-07-22 10:15:00,1.14035,1.14042,1.14035,1.14035
2026-07-22 10:14:00,1.14035,1.14037,1.1403,1.14037
2026-07-22 10:13:00,1.14034,1.14037,1.1403,1.14036
2026-07-22 10:12:00,1.1403,1.14037,1.1403,1.14036
2026-07-22 10:11:00,1.14027,1.14034,1.14025,1.14033
2026-07-22 10:10:00,1.14024,1.14035,1.14024,1.14032
2026-07-22 10:09:00,1.14029,1.14029,1.1402,1.14022
2026-07-22 10:08:00,1.14032,1.14032,1.1402,1.14024
2026-07-22 10:07:00,1.14037,1.14037,1.14026,1.14029
2026-07-22 10:06:00,1.14035,1.14041,1.14022,1.1404
2026-07-22 10:05:00,1.14032,1.14038,1.14032,1.14038
2026-07-22 10:04:00,1.14026,1.14038,1.14026,1.14036
2026-07-22 10:03:00,1.14018,1.14033,1.14018,1.14031
2026-07-22 10:02:00,1.14021,1.14027,1.14017,1.14018
2026-07-22 10:01:00,1.14022,1.14022,1.14012,1.14022
2026-07-22 10:00:00,1.14022,1.14025,1.14019,1.14025
2026-07-22 09:59:00,1.14026,1.14027,1.14019,1.1402
2026-07-22 09:58:00,1.14022,1.1403,1.14017,1.14029
2026-07-22 09:57:00,1.14023,1.14031,1.14017,1.14018
2026-07-22 09:56:00,1.14021,1.14025,1.1402,1.14025
2026-07-22 09:55:00,1.14017,1.14026,1.14017,1.14024
2026-07-22 09:54:00,1.14012,1.14021,1.14012,1.14021
2026-07-22 09:53:00,1.14003,1.1402,1.14003,1.14017
2026-07-22 09:52:00,1.14005,1.14014,1.14001,1.14002
2026-07-22 09:51:00,1.14005,1.14006,1.14002,1.14006
2026-07-22 09:50:00,1.14007,1.14009,1.14002,1.14003
2026-07-22 09:49:00,1.14009,1.14009,1.14004,1.14009
2026-07-22 09:48:00,1.14011,1.14012,1.14002,1.14004
2026-07-22 09:47:00,1.14009,1.14013,1.14002,1.14013
2026-07-22 09:46:00,1.14007,1.14015,1.14004,1.14013
2026-07-22 09:45:00,1.14005,1.14009,1.14005,1.14009
2026-07-22 09:44:00,1.14003,1.1401,1.14003,1.14008
2026-07-22 09:43:00,1.14004,1.14005,1.14,1.14005
2026-07-22 09:42:00,1.14005,1.14005,1.13999,1.14001
2026-07-22 09:41:00,1.14005,1.14007,1.13999,1.14005
2026-07-22 09:40:00,1.14003,1.14007,1.14002,1.14007
2026-07-22 09:39:00,1.14001,1.1401,1.13999,1.14007
2026-07-22 09:38:00,1.14,1.14016,1.14,1.14011
2026-07-22 09:37:00,1.14001,1.14013,1.13999,1.13999
2026-07-22 09:36:00,1.14,1.14006,1.13995,1.14005
2026-07-22 09:35:00,1.13999,1.14005,1.13994,1.13999
2026-07-22 09:34:00,1.13998,1.14001,1.13994,1.14001
2026-07-22 09:33:00,1.13999,1.14002,1.13994,1.13995
2026-07-22 09:32:00,1.13997,1.14,1.13994,1.14
2026-07-22 09:31:00,1.13998,1.13999,1.13993,1.13998
2026-07-22 09:30:00,1.13997,1.14001,1.13991,1.14
2026-07-22 09:29:00,1.13996,1.13999,1.13993,1.13999
2026-07-22 09:28:00,1.13992,1.14002,1.13989,1.14
2026-07-22 09:27:00,1.13997,1.13997,1.1399,1.13992
2026-07-22 09:26:00,1.13995,1.13999,1.1399,1.13998
2026-07-22 09:25:00,1.13994,1.13998,1.13991,1.13998
2026-07-22 09:24:00,1.13996,1.13999,1.13989,1.13991
2026-07-22 09:23:00,1.14,1.14,1.13987,1.13991
2026-07-22 09:22:00,1.14001,1.14001,1.13991,1.13994
2026-07-22 09:21:00,1.13999,1.14003,1.13991,1.14003
2026-07-22 09:20:00,1.13997,1.14001,1.13995,1.14001
2026-07-22 09:19:00,1.13996,1.14003,1.13995,1.14001
2026-07-22 09:18:00,1.13996,1.13998,1.13991,1.13998
2026-07-22 09:17:00,1.13997,1.14001,1.13991,1.13992
2026-07-22 09:16:00,1.13995,1.14,1.13993,1.14
2026-07-22 09:15:00,1.13995,1.14002,1.13991,1.13992
2026-07-22 09:14:00,1.13993,1.13997,1.1399,1.13997
2026-07-22 09:13:00,1.13995,1.13998,1.13992,1.13992
2026-07-22 09:12:00,1.13997,1.13997,1.13991,1.13993
2026-07-22 09:11:00,1.13995,1.13998,1.1399,1.13998
2026-07-22 09:10:00,1.13995,1.14001,1.13991,1.13995
2026-07-22 09:09:00,1.13993,1.13997,1.13991,1.13997
2026-07-22 09:08:00,1.13987,1.14,1.13987,1.13997
2026-07-22 09:07:00,1.13989,1.13991,1.13987,1.13991
2026-07-22 09:06:00,1.1399,1.13993,1.13982,1.13984
2026-07-22 09:05:00,1.13989,1.13992,1.13982,1.13992
2026-07-22 09:04:00,1.13994,1.13994,1.13987,1.13988
2026-07-22 09:03:00,1.13995,1.13996,1.13986,1.13996
2026-07-22 09:02:00,1.13996,1.13996,1.13991,1.13996
2026-07-22 09:01:00,1.13997,1.13998,1.13993,1.13997
2026-07-22 09:00:00,1.13997,1.13998,1.13991,1.13998
2026-07-22 08:59:00,1.13996,1.14001,1.13993,1.14
2026-07-22 08:58:00,1.13998,1.13999,1.13991,1.13999
2026-07-22 08:57:00,1.13995,1.14002,1.13991,1.14001
2026-07-22 08:56:00,1.13996,1.13998,1.13993,1.13998
2026-07-22 08:55:00,1.14,1.14,1.13993,1.13994
2026-07-22 08:54:00,1.14001,1.14001,1.13993,1.14001
2026-07-22 08:53:00,1.13994,1.14004,1.13994,1.14003
2026-07-22 08:52:00,1.14,1.14002,1.13993,1.13994
2026-07-22 08:51:00,1.13997,1.14002,1.13991,1.14002
2026-07-22 08:50:00,1.13998,1.14004,1.13994,1.13995
2026-07-22 08:49:00,1.13999,1.14,1.13993,1.14
2026-07-22 08:48:00,1.13999,1.14003,1.13995,1.13999
2026-07-22 08:47:00,1.14003,1.14003,1.13997,1.13998
2026-07-22 08:46:00,1.14007,1.14007,1.13999,1.14
2026-07-22 08:45:00,1.14005,1.14009,1.13999,1.14009
2026-07-22 08:44:00,1.14003,1.1401,1.14002,1.14008
2026-07-22 08:43:00,1.14001,1.14005,1.14001,1.14005
2026-07-22 08:42:00,1.14002,1.14005,1.14,1.14
2026-07-22 08:41:00,1.14005,1.14005,1.13998,1.14
2026-07-22 08:40:00,1.14005,1.14006,1.13998,1.14006
2026-07-22 08:39:00,1.14006,1.14009,1.14004,1.14006
2026-07-22 08:38:00,1.14004,1.14008,1.14004,1.14008
2026-07-22 08:37:00,1.14003,1.14011,1.14002,1.14003
2026-07-22 08:36:00,1.14005,1.14006,1.14002,1.14006
2026-07-22 08:35:00,1.14004,1.14008,1.14002,1.14007
2026-07-22 08:34:00,1.14,1.14007,1.14,1.14007
2026-07-22 08:33:00,1.14005,1.14008,1.13996,1.13997
2026-07-22 08:32:00,1.14005,1.14006,1.13995,1.14006
2026-07-22 08:31:00,1.14003,1.14006,1.14,1.14006
2026-07-22 08:30:00,1.14004,1.14008,1.14002,1.14004
2026-07-22 08:29:00,1.14006,1.14006,1.14002,1.14003
2026-07-22 08:28:00,1.14003,1.14008,1.14003,1.14007
2026-07-22 08:27:00,1.13998,1.14006,1.13998,1.14006
2026-07-22 08:26:00,1.14002,1.14008,1.13989,1.13991
2026-07-22 08:25:00,1.14002,1.14006,1.1399,1.14005
2026-07-22 08:24:00,1.13997,1.14005,1.13994,1.14004
2026-07-22 08:23:00,1.13998,1.14003,1.13996,1.14002
2026-07-22 08:22:00,1.13998,1.14001,1.13994,1.13998
2026-07-22 08:21:00,1.13997,1.14,1.13993,1.14
2026-07-22 08:20:00,1.13995,1.13998,1.13993,1.13998
2026-07-22 08:19:00,1.13997,1.14001,1.13991,1.13993
2026-07-22 08:18:00,1.13996,1.13999,1.13991,1.13999
2026-07-22 08:17:00,1.13996,1.14002,1.13991,1.13996
2026-07-22 08:16:00,1.13998,1.13999,1.13991,1.13999
2026-07-22 08:15:00,1.13997,1.14001,1.13991,1.14
2026-07-22 08:14:00,1.13997,1.13999,1.13993,1.13999
2026-07-22 08:13:00,1.13999,1.14001,1.13993,1.13994
2026-07-22 08:12:00,1.14,1.14001,1.13994,1.14001
2026-07-22 08:11:00,1.14001,1.14001,1.13996,1.13997
2026-07-22 08:10:00,1.14001,1.14003,1.13998,1.14003
2026-07-22 08:09:00,1.14,1.14011,1.14,1.14008
2026-07-22 08:08:00,1.14001,1.14017,1.13999,1.13999
2026-07-22 08:07:00,1.14,1.14003,1.13998,1.14003
2026-07-22 08:06:00,1.14005,1.14006,1.13996,1.13997
2026-07-22 08:05:00,1.14002,1.14009,1.13995,1.14008
2026-07-22 08:04:00,1.14003,1.14009,1.13998,1.13999
2026-07-22 08:03:00,1.14005,1.14005,1.13991,1.14005
2026-07-22 08:02:00,1.14009,1.14009,1.13993,1.13998
2026-07-22 08:01:00,1.1401,1.1401,1.14004,1.1401
2026-07-22 08:00:00,1.14012,1.14025,1.14009,1.1401
2026-07-22 07:59:00,1.14011,1.14033,1.14011,1.14026
2026-07-22 07:58:00,1.14013,1.14032,1.14009,1.14013
2026-07-22 07:57:00,1.14018,1.14032,1.14012,1.14012
2026-07-22 07:56:00,1.14015,1.14035,1.14011,1.14029
2026-07-22 07:55:00,1.14012,1.14038,1.14011,1.14029
2026-07-22 07:54:00,1.14017,1.14037,1.14009,1.14011
2026-07-22 07:53:00,1.14014,1.14034,1.14014,1.14028
2026-07-22 07:52:00,1.14016,1.14033,1.14015,1.14027
2026-07-22 07:51:00,1.14015,1.14033,1.14015,1.14027
2026-07-22 07:50:00,1.14019,1.14037,1.14013,1.14014
2026-07-22 07:49:00,1.14016,1.14033,1.14015,1.14028
2026-07-22 07:48:00,1.14011,1.14037,1.14011,1.14029
2026-07-22 07:47:00,1.14013,1.14039,1.14011,1.1403
2026-07-22 07:46:00,1.14016,1.14038,1.14012,1.14012
2026-07-22 07:45:00,1.14019,1.14032,1.14011,1.14013
2026-07-22 07:44:00,1.14016,1.14034,1.14016,1.14029
2026-07-22 07:43:00,1.14015,1.14029,1.14015,1.14026
2026-07-22 07:42:00,1.14008,1.1402,1.14008,1.14018
2026-07-22 07:41:00,1.14,1.14021,1.14,1.14017
2026-07-22 07:40:00,1.13997,1.14013,1.13997,1.14009
2026-07-22 07:39:00,1.13994,1.14004,1.13994,1.14002
2026-07-22 07:38:00,1.13991,1.14006,1.13991,1.14003
2026-07-22 07:37:00,1.13996,1.14,1.13986,1.13987
2026-07-22 07:36:00,1.13995,1.14,1.13989,1.13999
2026-07-22 07:35:00,1.13991,1.14,1.13991,1.13998
2026-07-22 07:34:00,1.13991,1.13999,1.13991,1.13997
2026-07-22 07:33:00,1.13992,1.13996,1.13991,1.13991
2026-07-22 07:32:00,1.13993,1.13996,1.13991,1.13995
2026-07-22 07:31:00,1.13991,1.13996,1.13991,1.13995
2026-07-22 07:30:00,1.13993,1.13996,1.13991,1.13993
2026-07-22 07:29:00,1.13992,1.13998,1.13992,1.13997
2026-07-22 07:28:00,1.1399,1.14002,1.1399,1.13999
2026-07-22 07:27:00,1.13992,1.13998,1.1399,1.13992
2026-07-22 07:26:00,1.13986,1.13995,1.13986,1.13994
2026-07-22 07:25:00,1.13991,1.14003,1.13985,1.13986
2026-07-22 07:24:00,1.1399,1.13996,1.1399,1.13994
2026-07-22 07:23:00,1.13992,1.13996,1.13989,1.13992
2026-07-22 07:22:00,1.13989,1.13998,1.13989,1.13996
2026-07-22 07:21:00,1.13992,1.13996,1.13987,1.13988
2026-07-22 07:20:00,1.13992,1.13995,1.13991,1.13994
2026-07-22 07:19:00,1.13992,1.13996,1.13992,1.13995
2026-07-22 07:18:00,1.13988,1.13996,1.13988,1.13995
2026-07-22 07:17:00,1.13988,1.13998,1.13984,1.13988
2026-07-22 07:16:00,1.1399,1.13996,1.13986,1.1399
2026-07-22 07:15:00,1.13988,1.13995,1.13988,1.13993
2026-07-22 07:14:00,1.13989,1.13996,1.13987,1.13994
2026-07-22 07:13:00,1.13993,1.13998,1.13987,1.13988
2026-07-22 07:12:00,1.13992,1.13995,1.13989,1.13995
2026-07-22 07:11:00,1.13992,1.13995,1.13991,1.13992
2026-07-22 07:10:00,1.1399,1.13995,1.1399,1.13994
2026-07-22 07:09:00,1.13996,1.13996,1.13986,1.13988
2026-07-22 07:08:00,1.13991,1.13999,1.13991,1.13998
2026-07-22 07:07:00,1.1399,1.13996,1.1399,1.13995
2026-07-22 07:06:00,1.13985,1.13997,1.13985,1.13994
2026-07-22 07:05:00,1.13986,1.13995,1.13986,1.13993
2026-07-22 07:04:00,1.13984,1.13991,1.13984,1.13989
2026-07-22 07:03:00,1.13982,1.13993,1.13982,1.13991
2026-07-22 07:02:00,1.13981,1.13991,1.1398,1.13981
2026-07-22 07:01:00,1.13982,1.13986,1.13981,1.13985
2026-07-22 07:00:00,1.13981,1.13983,1.13981,1.13983
2026-07-22 06:59:00,1.13988,1.13988,1.13977,1.13979
2026-07-22 06:58:00,1.13991,1.13991,1.13976,1.13981
2026-07-22 06:57:00,1.13991,1.13992,1.13982,1.13991
2026-07-22 06:56:00,1.13996,1.13996,1.13987,1.13989
2026-07-22 06:55:00,1.14,1.14,1.13989,1.13991
2026-07-22 06:54:00,1.13999,1.14003,1.13993,1.14003
2026-07-22 06:53:00,1.13999,1.14004,1.13998,1.13998
2026-07-22 06:52:00,1.14005,1.14005,1.13995,1.13997
2026-07-22 06:51:00,1.14009,1.14009,1.13994,1.13998
2026-07-22 06:50:00,1.14009,1.14011,1.14004,1.14011
2026-07-22 06:49:00,1.14009,1.1401,1.14008,1.1401
2026-07-22 06:48:00,1.14009,1.14013,1.14008,1.14009
2026-07-22 06:47:00,1.1401,1.1401,1.14008,1.1401
2026-07-22 06:46:00,1.14009,1.14013,1.14009,1.14012
2026-07-22 06:45:00,1.1401,1.14012,1.14008,1.14012
2026-07-22 06:44:00,1.14012,1.14014,1.14006,1.14007
2026-07-22 06:43:00,1.14011,1.14014,1.14007,1.14014
2026-07-22 06:42:00,1.1401,1.14015,1.14009,1.1401
2026-07-22 06:41:00,1.1401,1.14012,1.14007,1.14012
2026-07-22 06:40:00,1.14009,1.14012,1.14007,1.14012
2026-07-22 06:39:00,1.14011,1.14013,1.14008,1.14009
2026-07-22 06:38:00,1.1401,1.14012,1.14007,1.14012
2026-07-22 06:37:00,1.1401,1.14015,1.14009,1.1401
2026-07-22 06:36:00,1.14009,1.14012,1.14008,1.14012
2026-07-22 06:35:00,1.14011,1.14015,1.14006,1.14007
2026-07-22 06:34:00,1.14014,1.14014,1.14006,1.14014
2026-07-22 06:33:00,1.14013,1.14016,1.14008,1.14016
2026-07-22 06:32:00,1.14013,1.14015,1.14009,1.14015
2026-07-22 06:31:00,1.14012,1.14016,1.14008,1.14015
2026-07-22 06:30:00,1.14008,1.14014,1.14008,1.14014
2026-07-22 06:29:00,1.14008,1.14013,1.14007,1.14008
2026-07-22 06:28:00,1.14009,1.14011,1.14004,1.14009
2026-07-22 06:27:00,1.14009,1.14011,1.14006,1.14011
2026-07-22 06:26:00,1.14009,1.14014,1.14006,1.14009
2026-07-22 06:25:00,1.14008,1.14012,1.14006,1.14012
2026-07-22 06:24:00,1.14004,1.14014,1.14004,1.14012
2026-07-22 06:23:00,1.14002,1.14007,1.14002,1.14007
2026-07-22 06:22:00,1.14001,1.14009,1.13999,1.14001
2026-07-22 06:21:00,1.14001,1.14003,1.13996,1.14003
2026-07-22 06:20:00,1.14003,1.14004,1.13998,1.13999
2026-07-22 06:19:00,1.14005,1.14005,1.14002,1.14003
2026-07-22 06:18:00,1.14006,1.14006,1.13998,1.14006
2026-07-22 06:17:00,1.14011,1.14011,1.14,1.14002
2026-07-22 06:16:00,1.14015,1.14015,1.14002,1.14006
2026-07-22 06:15:00,1.14018,1.14018,1.14007,1.1401
2026-07-22 06:14:00,1.14017,1.1402,1.14012,1.1402
2026-07-22 06:13:00,1.1402,1.14022,1.14013,1.14014
2026-07-22 06:12:00,1.1402,1.14022,1.14011,1.14022
2026-07-22 06:11:00,1.14024,1.14024,1.14015,1.14016
2026-07-22 06:10:00,1.14028,1.14028,1.14015,1.14019
2026-07-22 06:09:00,1.14031,1.14031,1.14017,1.14021
2026-07-22 06:08:00,1.1403,1.14031,1.14022,1.14031
2026-07-22 06:07:00,1.14028,1.14032,1.14026,1.14032
2026-07-22 06:06:00,1.14026,1.14035,1.14025,1.14032
2026-07-22 06:05:00,1.14023,1.14029,1.14023,1.14029
2026-07-22 06:04:00,1.14016,1.14031,1.14016,1.14027
2026-07-22 06:03:00,1.14014,1.14021,1.14014,1.14021
2026-07-22 06:02:00,1.14014,1.14022,1.1401,1.14011
2026-07-22 06:01:00,1.14019,1.14019,1.14009,1.14011
2026-07-22 06:00:00,1.14022,1.14022,1.14015,1.14017
2026-07-22 05:59:00,1.14022,1.14023,1.14017,1.14023
2026-07-22 05:58:00,1.14024,1.14024,1.14021,1.14022
2026-07-22 05:57:00,1.14027,1.14027,1.14017,1.1402
2026-07-22 05:56:00,1.14031,1.14031,1.14022,1.14024
2026-07-22 05:55:00,1.14029,1.14033,1.14026,1.14032
2026-07-22 05:54:00,1.14029,1.14032,1.14029,1.14032
2026-07-22 05:53:00,1.14027,1.14035,1.14027,1.14027
2026-07-22 05:52:00,1.14022,1.1403,1.14022,1.1403
2026-07-22 05:51:00,1.14017,1.14031,1.14016,1.14027
2026-07-22 05:50:00,1.14015,1.14024,1.14015,1.14022
2026-07-22 05:49:00,1.14013,1.1402,1.14013,1.14018
2026-07-22 05:48:00,1.14014,1.14017,1.14012,1.14014
2026-07-22 05:47:00,1.14013,1.14015,1.14013,1.14015
2026-07-22 05:46:00,1.14015,1.14018,1.14012,1.14012
2026-07-22 05:45:00,1.14017,1.14017,1.14012,1.14017
2026-07-22 05:44:00,1.14021,1.14021,1.14013,1.14014
2026-07-22 05:43:00,1.14021,1.14023,1.14013,1.14023
2026-07-22 05:42:00,1.14016,1.14025,1.14016,1.14023
2026-07-22 05:41:00,1.14011,1.14021,1.14011,1.1402
2026-07-22 05:40:00,1.14011,1.14019,1.14008,1.14009
2026-07-22 05:39:00,1.1402,1.1402,1.14007,1.14009
2026-07-22 05:38:00,1.14023,1.14023,1.14012,1.14015
2026-07-22 05:37:00,1.14031,1.14031,1.14016,1.14018
2026-07-22 05:36:00,1.14033,1.14037,1.14022,1.14026
2026-07-22 05:35:00,1.14028,1.14036,1.14028,1.14035
2026-07-22 05:34:00,1.14029,1.14032,1.14029,1.14032
2026-07-22 05:33:00,1.1403,1.14034,1.14028,1.14028
2026-07-22 05:32:00,1.14032,1.14032,1.14026,1.14032
2026-07-22 05:31:00,1.14032,1.14034,1.14028,1.14032
2026-07-22 05:30:00,1.14035,1.14035,1.1403,1.14031
2026-07-22 05:29:00,1.1404,1.1404,1.14033,1.14034
2026-07-22 05:28:00,1.14042,1.14042,1.14035,1.14037
2026-07-22 05:27:00,1.14038,1.14045,1.14038,1.14044
2026-07-22 05:26:00,1.14039,1.14046,1.14034,1.14035
2026-07-22 05:25:00,1.14034,1.14042,1.14034,1.14042
2026-07-22 05:24:00,1.14026,1.14044,1.14026,1.1404
2026-07-22 05:23:00,1.14029,1.14032,1.14026,1.14031
2026-07-22 05:22:00,1.14028,1.14032,1.14022,1.14031
2026-07-22 05:21:00,1.14025,1.14032,1.14025,1.14031
2026-07-22 05:20:00,1.14023,1.14031,1.14022,1.14029
2026-07-22 05:19:00,1.14023,1.14026,1.14022,1.14025
2026-07-22 05:18:00,1.14021,1.14025,1.14021,1.14025
2026-07-22 05:17:00,1.14023,1.14027,1.14019,1.1402
2026-07-22 05:16:00,1.14021,1.14024,1.1402,1.14024
2026-07-22 05:15:00,1.1403,1.1403,1.14017,1.14018
2026-07-22 05:14:00,1.14028,1.14037,1.14016,1.14035
2026-07-22 05:13:00,1.14019,1.14034,1.14019,1.14032
2026-07-22 05:12:00,1.1402,1.1403,1.1402,1.14028
2026-07-22 05:11:00,1.14026,1.14026,1.14013,1.14015
2026-07-22 05:10:00,1.14026,1.14029,1.14017,1.14029
2026-07-22 05:09:00,1.14024,1.14028,1.14024,1.14027
2026-07-22 05:08:00,1.14025,1.14028,1.14024,1.14027
2026-07-22 05:07:00,1.14025,1.14026,1.14021,1.14026
2026-07-22 05:06:00,1.14031,1.14031,1.14024,1.14024
2026-07-22 05:05:00,1.14031,1.14035,1.14024,1.14034
2026-07-22 05:04:00,1.14032,1.14035,1.14028,1.14029
2026-07-22 05:03:00,1.14032,1.14035,1.14029,1.14035
2026-07-22 05:02:00,1.14035,1.14037,1.14029,1.1403
2026-07-22 05:01:00,1.1403,1.14037,1.14029,1.14037
2026-07-22 05:00:00,1.14022,1.14038,1.14022,1.14034
2026-07-22 04:59:00,1.14022,1.1403,1.14022,1.14028
2026-07-22 04:58:00,1.14024,1.14024,1.14019,1.1402
2026-07-22 04:57:00,1.14019,1.14025,1.14015,1.14025
2026-07-22 04:56:00,1.14021,1.14023,1.14019,1.14021
2026-07-22 04:55:00,1.14021,1.14024,1.14021,1.14021
2026-07-22 04:54:00,1.14019,1.14023,1.14019,1.14023
2026-07-22 04:53:00,1.14013,1.14026,1.14013,1.14023
2026-07-22 04:52:00,1.14015,1.14017,1.14013,1.14017
2026-07-22 04:51:00,1.14016,1.14018,1.14012,1.14013
2026-07-22 04:50:00,1.14019,1.14019,1.14013,1.14015
2026-07-22 04:49:00,1.14022,1.14022,1.14011,1.14014
2026-07-22 04:48:00,1.1402,1.14024,1.14013,1.14024
2026-07-22 04:47:00,1.14016,1.14023,1.14016,1.14022
2026-07-22 04:46:00,1.14016,1.14024,1.14008,1.1401
2026-07-22 04:45:00,1.14013,1.14018,1.14008,1.14018
2026-07-22 04:44:00,1.14007,1.14021,1.14007,1.14018
2026-07-22 04:43:00,1.14005,1.14011,1.14005,1.14011
2026-07-22 04:42:00,1.14005,1.14013,1.14,1.14001
2026-07-22 04:41:00,1.14002,1.14007,1.14002,1.14007
2026-07-22 04:40:00,1.13997,1.14008,1.13997,1.14005
2026-07-22 04:39:00,1.13997,1.14002,1.13997,1.14001
2026-07-22 04:38:00,1.13999,1.13999,1.13994,1.13995
2026-07-22 04:37:00,1.14006,1.14006,1.13995,1.13997
2026-07-22 04:36:00,1.14018,1.14018,1.13996,1.14
2026-07-22 04:35:00,1.14024,1.14024,1.14,1.14007
2026-07-22 04:34:00,1.14022,1.14028,1.14018,1.14027
2026-07-22 04:33:00,1.14024,1.14029,1.14021,1.14021
2026-07-22 04:32:00,1.14028,1.14028,1.14019,1.14021
2026-07-22 04:31:00,1.14024,1.14032,1.1402,1.14031
2026-07-22 04:30:00,1.14024,1.14029,1.14024,1.14028
2026-07-22 04:29:00,1.14028,1.14028,1.1402,1.14021
2026-07-22 04:28:00,1.1402,1.14032,1.1402,1.14031
2026-07-22 04:27:00,1.14011,1.14029,1.14011,1.14026
2026-07-22 04:26:00,1.13991,1.14023,1.13991,1.14018
2026-07-22 04:25:00,1.13993,1.14009,1.13993,1.14004
2026-07-22 04:24:00,1.14,1.14,1.1399,1.13991
2026-07-22 04:23:00,1.14001,1.14005,1.13991,1.14004
2026-07-22 04:22:00,1.14003,1.14004,1.13999,1.14
2026-07-22 04:21:00,1.14012,1.14012,1.13998,1.14001
2026-07-22 04:20:00,1.1402,1.1402,1.14003,1.14007
2026-07-22 04:19:00,1.1402,1.14021,1.14015,1.14021
2026-07-22 04:18:00,1.1402,1.14021,1.14016,1.1402
2026-07-22 04:17:00,1.1402,1.14023,1.14019,1.14022
2026-07-22 04:16:00,1.14026,1.14026,1.14017,1.14018
2026-07-22 04:15:00,1.14037,1.14037,1.14019,1.14022
2026-07-22 04:14:00,1.14037,1.14044,1.14025,1.14037
2026-07-22 04:13:00,1.14044,1.14044,1.14034,1.14035
2026-07-22 04:12:00,1.14042,1.14049,1.14035,1.14048
2026-07-22 04:11:00,1.1403,1.14048,1.1403,1.14046
2026-07-22 04:10:00,1.14027,1.14042,1.14027,1.14039
2026-07-22 04:09:00,1.14029,1.14035,1.14024,1.14025
2026-07-22 04:08:00,1.14023,1.14032,1.14023,1.14031
2026-07-22 04:07:00,1.14032,1.14032,1.14021,1.14022
2026-07-22 04:06:00,1.14044,1.14044,1.1402,1.14025
2026-07-22 04:05:00,1.14052,1.14052,1.14031,1.14036
2026-07-22 04:04:00,1.14062,1.14062,1.14042,1.14046
2026-07-22 04:03:00,1.14064,1.14069,1.14052,1.14056
2026-07-22 04:02:00,1.14072,1.14072,1.1406,1.14061
2026-07-22 04:01:00,1.14071,1.14077,1.14063,1.14076
2026-07-22 04:00:00,1.14071,1.14075,1.14071,1.14071
2026-07-22 03:59:00,1.14072,1.14073,1.14069,1.14073
2026-07-22 03:58:00,1.14075,1.14075,1.14069,1.1407
2026-07-22 03:57:00,1.1408,1.1408,1.14071,1.14073
2026-07-22 03:56:00,1.14084,1.14084,1.14075,1.14077
2026-07-22 03:55:00,1.14083,1.14085,1.14082,1.14085
2026-07-22 03:54:00,1.1408,1.14086,1.1408,1.14086
2026-07-22 03:53:00,1.14079,1.14088,1.14075,1.14076
2026-07-22 03:52:00,1.14075,1.14082,1.14075,1.14082
2026-07-22 03:51:00,1.14075,1.14084,1.14068,1.1407
2026-07-22 03:50:00,1.14072,1.14077,1.14071,1.14077
2026-07-22 03:49:00,1.1407,1.14078,1.1407,1.14076
2026-07-22 03:48:00,1.14072,1.14073,1.14069,1.14072
2026-07-22 03:47:00,1.14078,1.14078,1.14069,1.1407
2026-07-22 03:46:00,1.14081,1.14081,1.14069,1.14072
2026-07-22 03:45:00,1.14075,1.14084,1.14075,1.14083
2026-07-22 03:44:00,1.14076,1.14085,1.14069,1.14071
2026-07-22 03:43:00,1.1408,1.1408,1.14072,1.14074
2026-07-22 03:42:00,1.14084,1.14084,1.14072,1.14075
2026-07-22 03:41:00,1.14088,1.14088,1.14079,1.14081
2026-07-22 03:40:00,1.14086,1.1409,1.14081,1.14089
2026-07-22 03:39:00,1.14089,1.14089,1.14085,1.14089
2026-07-22 03:38:00,1.14091,1.14091,1.14085,1.14086
2026-07-22 03:37:00,1.14096,1.14096,1.14084,1.14087
2026-07-22 03:36:00,1.14102,1.14102,1.14088,1.14091
2026-07-22 03:35:00,1.14102,1.14103,1.1409,1.14103
2026-07-22 03:34:00,1.14101,1.14104,1.14094,1.14104
2026-07-22 03:33:00,1.14102,1.14107,1.141,1.141
2026-07-22 03:32:00,1.14104,1.14104,1.14099,1.14104
2026-07-22 03:31:00,1.14101,1.14107,1.14101,1.14106
2026-07-22 03:30:00,1.14098,1.14106,1.14098,1.14105
2026-07-22 03:29:00,1.14097,1.14105,1.14095,1.14097
2026-07-22 03:28:00,1.14097,1.14099,1.14095,1.14099
2026-07-22 03:27:00,1.14097,1.14098,1.1409,1.14098
2026-07-22 03:26:00,1.14091,1.141,1.14091,1.14099
2026-07-22 03:25:00,1.14091,1.14096,1.14091,1.14095
2026-07-22 03:24:00,1.14091,1.14096,1.14088,1.14089
2026-07-22 03:23:00,1.1409,1.14093,1.14088,1.14093
2026-07-22 03:22:00,1.1409,1.14096,1.1409,1.1409
2026-07-22 03:21:00,1.1409,1.14093,1.14089,1.14093
2026-07-22 03:20:00,1.14085,1.14095,1.14085,1.14093
2026-07-22 03:19:00,1.14086,1.1409,1.14085,1.14089
2026-07-22 03:18:00,1.14089,1.14089,1.14082,1.14083
2026-07-22 03:17:00,1.14093,1.14093,1.14085,1.14087
2026-07-22 03:16:00,1.14091,1.14094,1.14084,1.14094
2026-07-22 03:15:00,1.14091,1.14097,1.14089,1.14091
2026-07-22 03:14:00,1.14089,1.14093,1.14084,1.14093
2026-07-22 03:13:00,1.1408,1.14096,1.1408,1.14093
2026-07-22 03:12:00,1.14081,1.14087,1.14081,1.14086
2026-07-22 03:11:00,1.14082,1.14086,1.1408,1.1408
2026-07-22 03:10:00,1.14079,1.14084,1.14077,1.14084
2026-07-22 03:09:00,1.14081,1.14086,1.14076,1.14077
2026-07-22 03:08:00,1.14082,1.14083,1.14076,1.14083
2026-07-22 03:07:00,1.14082,1.14083,1.14081,1.14082
2026-07-22 03:06:00,1.14083,1.14084,1.14078,1.14083
2026-07-22 03:05:00,1.14082,1.14084,1.14081,1.14084
2026-07-22 03:04:00,1.14092,1.14092,1.1408,1.14081
2026-07-22 03:03:00,1.14092,1.141,1.1408,1.14098
2026-07-22 03:02:00,1.14086,1.14096,1.14086,1.14095
2026-07-22 03:01:00,1.14085,1.14091,1.14085,1.14091
2026-07-22 03:00:00,1.14088,1.14092,1.14082,1.14083
2026-07-22 02:59:00,1.14087,1.14089,1.14082,1.14089
2026-07-22 02:58:00,1.14089,1.1409,1.14086,1.14086
2026-07-22 02:57:00,1.14088,1.1409,1.14081,1.1409
2026-07-22 02:56:00,1.14087,1.1409,1.14086,1.14089
2026-07-22 02:55:00,1.14091,1.14091,1.14084,1.14085
2026-07-22 02:54:00,1.14091,1.14093,1.14082,1.14093
2026-07-22 02:53:00,1.14096,1.14096,1.14086,1.14087
2026-07-22 02:52:00,1.14098,1.141,1.14088,1.14098
2026-07-22 02:51:00,1.14095,1.14101,1.1409,1.141
2026-07-22 02:50:00,1.14096,1.14098,1.14093,1.14098
2026-07-22 02:49:00,1.14096,1.141,1.14091,1.14092
2026-07-22 02:48:00,1.14098,1.14098,1.1409,1.14098
2026-07-22 02:47:00,1.14102,1.14102,1.14091,1.14093
2026-07-22 02:46:00,1.14108,1.14108,1.14094,1.14097
2026-07-22 02:45:00,1.14108,1.14111,1.14095,1.1411
2026-07-22 02:44:00,1.14102,1.14112,1.14102,1.14111
2026-07-22 02:43:00,1.141,1.14106,1.14099,1.14105
2026-07-22 02:42:00,1.14085,1.14107,1.14085,1.14104
2026-07-22 02:41:00,1.14086,1.14097,1.14086,1.14095
2026-07-22 02:40:00,1.14084,1.14092,1.14084,1.1409
2026-07-22 02:39:00,1.14081,1.14086,1.1408,1.14086
2026-07-22 02:38:00,1.1408,1.14087,1.14079,1.1408
2026-07-22 02:37:00,1.1408,1.14082,1.14072,1.14082
2026-07-22 02:36:00,1.14088,1.14088,1.14076,1.14078
2026-07-22 02:35:00,1.1409,1.1409,1.14076,1.14081
2026-07-22 02:34:00,1.14082,1.14094,1.14082,1.14093
2026-07-22 02:33:00,1.14074,1.14094,1.14073,1.14089
2026-07-22 02:32:00,1.14081,1.14081,1.14071,1.14073
2026-07-22 02:31:00,1.14086,1.14086,1.14067,1.14072
2026-07-22 02:30:00,1.14082,1.14089,1.14075,1.14089
2026-07-22 02:29:00,1.14083,1.1409,1.14076,1.14077
2026-07-22 02:28:00,1.14085,1.14085,1.14075,1.14085
2026-07-22 02:27:00,1.14088,1.14088,1.1408,1.14082
2026-07-22 02:26:00,1.14089,1.14089,1.14078,1.14089
2026-07-22 02:25:00,1.14091,1.14091,1.14081,1.14084
2026-07-22 02:24:00,1.14087,1.14093,1.14081,1.14092
2026-07-22 02:23:00,1.14082,1.14091,1.14082,1.14091
2026-07-22 02:22:00,1.14081,1.14093,1.14073,1.14075
2026-07-22 02:21:00,1.14081,1.14083,1.14075,1.14083
2026-07-22 02:20:00,1.14085,1.14086,1.14076,1.14077
2026-07-22 02:19:00,1.14086,1.14087,1.14076,1.14086
2026-07-22 02:18:00,1.14082,1.14088,1.14082,1.14087
2026-07-22 02:17:00,1.1408,1.14087,1.1408,1.14086
2026-07-22 02:16:00,1.14082,1.14084,1.1408,1.1408
2026-07-22 02:15:00,1.14081,1.14083,1.14081,1.14083
2026-07-22 02:14:00,1.14084,1.14084,1.1408,1.14081
2026-07-22 02:13:00,1.14096,1.14096,1.14077,1.1408
2026-07-22 02:12:00,1.14094,1.14104,1.14082,1.14101
2026-07-22 02:11:00,1.1409,1.14099,1.1409,1.14097
2026-07-22 02:10:00,1.14088,1.14093,1.14088,1.14093
2026-07-22 02:09:00,1.14089,1.14095,1.14084,1.14085
2026-07-22 02:08:00,1.14088,1.14091,1.14084,1.14091
2026-07-22 02:07:00,1.1409,1.14092,1.14086,1.14086
2026-07-22 02:06:00,1.14079,1.14094,1.14079,1.14093
2026-07-22 02:05:00,1.14076,1.1409,1.14076,1.14087
2026-07-22 02:04:00,1.14078,1.14083,1.14072,1.14073
2026-07-22 02:03:00,1.14075,1.1408,1.14071,1.1408
2026-07-22 02:02:00,1.14074,1.14083,1.14071,1.14074
2026-07-22 02:01:00,1.14073,1.14077,1.14067,1.14077
2026-07-22 02:00:00,1.14063,1.1408,1.14063,1.14077
2026-07-22 01:59:00,1.14061,1.14071,1.14061,1.1407
2026-07-22 01:58:00,1.14061,1.14068,1.14058,1.14059
2026-07-22 01:57:00,1.1406,1.14063,1.14058,1.14063
2026-07-22 01:56:00,1.14056,1.14063,1.14056,1.14062
2026-07-22 01:55:00,1.1406,1.14063,1.14055,1.14056
2026-07-22 01:54:00,1.14059,1.14061,1.14056,1.14061
2026-07-22 01:53:00,1.14054,1.14064,1.14054,1.14062
2026-07-22 01:52:00,1.14051,1.14059,1.14051,1.14058
2026-07-22 01:51:00,1.14043,1.1406,1.14043,1.14057
2026-07-22 01:50:00,1.14051,1.14051,1.14041,1.14043
2026-07-22 01:49:00,1.14065,1.14065,1.14042,1.14045
2026-07-22 01:48:00,1.14064,1.14071,1.14047,1.14069
2026-07-22 01:47:00,1.14062,1.14066,1.14062,1.14065
2026-07-22 01:46:00,1.14068,1.14068,1.14058,1.1406
2026-07-22 01:45:00,1.14072,1.14072,1.14059,1.14062
2026-07-22 01:44:00,1.14073,1.14073,1.14068,1.14073
2026-07-22 01:43:00,1.14078,1.14078,1.14067,1.14069
2026-07-22 01:42:00,1.14082,1.14082,1.14069,1.14072
2026-07-22 01:41:00,1.14096,1.14096,1.14076,1.14079
2026-07-22 01:40:00,1.14109,1.14109,1.14078,1.14085
2026-07-22 01:39:00,1.14106,1.14114,1.14098,1.14113
2026-07-22 01:38:00,1.14102,1.14111,1.14098,1.14109
2026-07-22 01:37:00,1.14109,1.14109,1.14098,1.141
2026-07-22 01:36:00,1.14103,1.14111,1.14094,1.1411
2026-07-22 01:35:00,1.14099,1.14111,1.14099,1.14109
2026-07-22 01:34:00,1.14101,1.14104,1.14091,1.14101
2026-07-22 01:33:00,1.14101,1.14104,1.14094,1.14101
2026-07-22 01:32:00,1.14093,1.14106,1.14093,1.14105
2026-07-22 01:31:00,1.14106,1.14106,1.1408,1.14084
2026-07-22 01:30:00,1.1411,1.14116,1.14089,1.14095
2026-07-22 01:29:00,1.141,1.14116,1.14097,1.14114
2026-07-22 01:28:00,1.14098,1.1411,1.14098,1.14108
2026-07-22 01:27:00,1.14097,1.14105,1.14091,1.14093
2026-07-22 01:26:00,1.14088,1.14101,1.14088,1.141
2026-07-22 01:25:00,1.14086,1.14098,1.14086,1.14095
2026-07-22 01:24:00,1.141,1.141,1.14078,1.14081
2026-07-22 01:23:00,1.14102,1.14108,1.14078,1.14086
2026-07-22 01:22:00,1.14091,1.14106,1.14091,1.14105
2026-07-22 01:21:00,1.14086,1.14101,1.14086,1.14099
2026-07-22 01:20:00,1.14077,1.14098,1.14076,1.14093
2026-07-22 01:19:00,1.14079,1.14083,1.14075,1.14082
2026-07-22 01:18:00,1.14075,1.14083,1.14071,1.14081
2026-07-22 01:17:00,1.14062,1.14082,1.14062,1.14081
2026-07-22 01:16:00,1.14051,1.14078,1.14051,1.14072
2026-07-22 01:15:00,1.14053,1.14062,1.1405,1.14053
2026-07-22 01:14:00,1.14057,1.14057,1.14047,1.14049
2026-07-22 01:13:00,1.14063,1.14063,1.1405,1.14052
2026-07-22 01:12:00,1.14051,1.14068,1.14051,1.14067
2026-07-22 01:11:00,1.14042,1.14067,1.14036,1.14061
2026-07-22 01:10:00,1.1404,1.14048,1.1404,1.14047
2026-07-22 01:09:00,1.14035,1.14048,1.14035,1.14045
2026-07-22 01:08:00,1.14041,1.14041,1.14033,1.14035
2026-07-22 01:07:00,1.14055,1.14055,1.14033,1.14036
2026-07-22 01:06:00,1.14046,1.14058,1.14043,1.14057
2026-07-22 01:05:00,1.14046,1.14056,1.14045,1.14046
2026-07-22 01:04:00,1.14043,1.14048,1.14042,1.14048
2026-07-22 01:03:00,1.14048,1.14048,1.14041,1.14042
2026-07-22 01:02:00,1.14063,1.14063,1.14035,1.1404
2026-07-22 01:01:00,1.14057,1.14074,1.14045,1.1407
2026-07-22 01:00:00,1.14063,1.14066,1.1405,1.14052
2026-07-22 00:59:00,1.14057,1.14068,1.14054,1.14067
2026-07-22 00:58:00,1.14065,1.14066,1.1405,1.14052
2026-07-22 00:57:00,1.14057,1.14069,1.14054,1.14068
2026-07-22 00:56:00,1.14036,1.14067,1.14036,1.14063
2026-07-22 00:55:00,1.14038,1.14058,1.14037,1.14038
2026-07-22 00:54:00,1.14049,1.14049,1.1403,1.14033
2026-07-22 00:53:00,1.14059,1.14059,1.14038,1.14042
2026-07-22 00:52:00,1.1406,1.14065,1.14049,1.1406
2026-07-22 00:51:00,1.14054,1.14063,1.14052,1.14062
2026-07-22 00:50:00,1.14069,1.14069,1.14048,1.14051
2026-07-22 00:49:00,1.14069,1.14073,1.14045,1.14073
2026-07-22 00:48:00,1.14074,1.14074,1.14068,1.14069
2026-07-22 00:47:00,1.1408,1.1408,1.14068,1.1407
2026-07-22 00:46:00,1.14083,1.14083,1.14075,1.14077
2026-07-22 00:45:00,1.1408,1.14085,1.1408,1.14084
2026-07-22 00:44:00,1.14071,1.14085,1.14071,1.14084
2026-07-22 00:43:00,1.1407,1.14082,1.1407,1.14078
2026-07-22 00:42:00,1.14062,1.14075,1.14062,1.14073
2026-07-22 00:41:00,1.14057,1.14068,1.14057,1.14067
2026-07-22 00:40:00,1.14065,1.14068,1.14047,1.1405
2026-07-22 00:39:00,1.14063,1.14073,1.14054,1.14071
2026-07-22 00:38:00,1.1406,1.14068,1.1406,1.14066
2026-07-22 00:37:00,1.14064,1.14064,1.14059,1.1406
2026-07-22 00:36:00,1.14072,1.14072,1.14059,1.14061
2026-07-22 00:35:00,1.14082,1.14082,1.14066,1.14068
2026-07-22 00:34:00,1.14089,1.14089,1.14065,1.14071
2026-07-22 00:33:00,1.14101,1.14101,1.14084,1.14086
2026-07-22 00:32:00,1.14102,1.14109,1.14084,1.14102
2026-07-22 00:31:00,1.14113,1.14113,1.14098,1.14099
2026-07-22 00:30:00,1.14121,1.14122,1.14095,1.14102
2026-07-22 00:29:00,1.14124,1.14124,1.14107,1.14113
2026-07-22 00:28:00,1.14131,1.14131,1.1412,1.14122
2026-07-22 00:27:00,1.14141,1.14141,1.14121,1.14125
2026-07-22 00:26:00,1.14141,1.14144,1.14132,1.14143
2026-07-22 00:25:00,1.1415,1.1415,1.14132,1.14135
2026-07-22 00:24:00,1.14152,1.14152,1.14137,1.14142
2026-07-22 00:23:00,1.14152,1.14153,1.14149,1.14153
2026-07-22 00:22:00,1.14153,1.14156,1.14151,1.14153
2026-07-22 00:21:00,1.14159,1.14159,1.14149,1.14151
2026-07-22 00:20:00,1.14171,1.14171,1.14151,1.14154
2026-07-22 00:19:00,1.1417,1.1418,1.14158,1.14177
2026-07-22 00:18:00,1.14167,1.14174,1.14167,1.14172
2026-07-22 00:17:00,1.1418,1.1418,1.1416,1.14163
2026-07-22 00:16:00,1.14191,1.14191,1.14163,1.14169
2026-07-22 00:15:00,1.14175,1.14198,1.14175,1.14196
2026-07-22 00:14:00,1.14164,1.14192,1.14164,1.14186
2026-07-22 00:13:00,1.14158,1.14177,1.14158,1.14172
2026-07-22 00:12:00,1.14158,1.14163,1.14153,1.14162
2026-07-22 00:11:00,1.14163,1.14163,1.14154,1.14155
2026-07-22 00:10:00,1.1416,1.14166,1.14149,1.14165
2026-07-22 00:09:00,1.1416,1.14167,1.14155,1.14156
2026-07-22 00:08:00,1.14158,1.14162,1.14154,1.14162
2026-07-22 00:07:00,1.14154,1.14164,1.14154,1.14162
2026-07-22 00:06:00,1.1415,1.14158,1.1415,1.14158
2026-07-22 00:05:00,1.14136,1.14157,1.14136,1.14154
2026-07-22 00:04:00,1.14131,1.14151,1.14131,1.14146
2026-07-22 00:03:00,1.14125,1.14137,1.14124,1.14135
2026-07-22 00:02:00,1.1412,1.14134,1.1412,1.14131
2026-07-22 00:01:00,1.14117,1.14124,1.14116,1.14123
2026-07-22 00:00:00,1.14113,1.14126,1.14112,1.14122
2026-07-21 23:59:00,1.14113,1.14116,1.14106,1.14116
2026-07-21 23:58:00,1.1411,1.14119,1.14106,1.14117
2026-07-21 23:57:00,1.14112,1.14113,1.14107,1.14113
2026-07-21 23:56:00,1.14108,1.14115,1.14103,1.14114
2026-07-21 23:55:00,1.14104,1.14113,1.14104,1.14112
2026-07-21 23:54:00,1.141,1.1411,1.141,1.14108
2026-07-21 23:53:00,1.14108,1.14108,1.14097,1.14098
2026-07-21 23:52:00,1.1412,1.1412,1.14093,1.14099
2026-07-21 23:51:00,1.14113,1.14125,1.14103,1.14124
2026-07-21 23:50:00,1.14099,1.14124,1.14099,1.14122
2026-07-21 23:49:00,1.14073,1.1412,1.14073,1.14111
2026-07-21 23:48:00,1.14071,1.14093,1.14071,1.14088
2026-07-21 23:47:00,1.14067,1.14081,1.14064,1.14077
2026-07-21 23:46:00,1.14064,1.1407,1.14064,1.1407
2026-07-21 23:45:00,1.14073,1.14073,1.14062,1.14063
2026-07-21 23:44:00,1.14077,1.14077,1.14064,1.14068
2026-07-21 23:43:00,1.14072,1.1408,1.14072,1.14079
2026-07-21 23:42:00,1.14081,1.14081,1.14067,1.14069
2026-07-21 23:41:00,1.14077,1.14088,1.1407,1.14086
2026-07-21 23:40:00,1.14072,1.14085,1.14072,1.14082
2026-07-21 23:39:00,1.14085,1.14085,1.14065,1.14068
2026-07-21 23:38:00,1.14116,1.14116,1.14067,1.14074
2026-07-21 23:37:00,1.14118,1.14133,1.14086,1.14095
2026-07-21 23:36:00,1.14131,1.14131,1.14114,1.14115
2026-07-21 23:35:00,1.1413,1.14134,1.1412,1.14133
2026-07-21 23:34:00,1.14127,1.14132,1.14127,1.14131
2026-07-21 23:33:00,1.14118,1.14133,1.14118,1.14131
2026-07-21 23:32:00,1.14113,1.14127,1.14113,1.14124
2026-07-21 23:31:00,1.14101,1.14122,1.14101,1.14118
2026-07-21 23:30:00,1.14106,1.14111,1.14101,1.14102
2026-07-21 23:29:00,1.14103,1.14108,1.14099,1.14108
2026-07-21 23:28:00,1.14103,1.14107,1.14103,1.14107
2026-07-21 23:27:00,1.14113,1.14113,1.14099,1.141
2026-07-21 23:26:00,1.14113,1.14118,1.14101,1.14117
2026-07-21 23:25:00,1.14125,1.14125,1.14108,1.1411
2026-07-21 23:24:00,1.14136,1.14136,1.14111,1.14116
2026-07-21 23:23:00,1.14131,1.14139,1.14125,1.14138
2026-07-21 23:22:00,1.14134,1.1414,1.14129,1.1413
2026-07-21 23:21:00,1.14131,1.14135,1.14125,1.14135
2026-07-21 23:20:00,1.14141,1.14141,1.14127,1.14128
2026-07-21 23:19:00,1.14142,1.14148,1.14129,1.14142
2026-07-21 23:18:00,1.14154,1.14154,1.14136,1.14138
2026-07-21 23:17:00,1.14161,1.14162,1.14141,1.14146
2026-07-21 23:16:00,1.14171,1.14171,1.1415,1.14155
2026-07-21 23:15:00,1.1417,1.14174,1.14163,1.14173
2026-07-21 23:14:00,1.14176,1.14176,1.14166,1.14167
2026-07-21 23:13:00,1.14177,1.14177,1.14164,1.14177
2026-07-21 23:12:00,1.14168,1.1418,1.14168,1.14179
2026-07-21 23:11:00,1.14171,1.14181,1.1416,1.14162
2026-07-21 23:10:00,1.1417,1.14175,1.14162,1.14174
2026-07-21 23:09:00,1.14171,1.14176,1.14168,1.14168
2026-07-21 23:08:00,1.14171,1.14174,1.1416,1.14174
2026-07-21 23:07:00,1.14168,1.14176,1.14164,1.14174
2026-07-21 23:06:00,1.1416,1.14172,1.1416,1.14172
2026-07-21 23:05:00,1.14147,1.14172,1.14147,1.14167
2026-07-21 23:04:00,1.14157,1.14159,1.14144,1.14146
2026-07-21 23:03:00,1.14161,1.14161,1.14145,1.1415
2026-07-21 23:02:00,1.1417,1.1417,1.14158,1.14159
2026-07-21 23:01:00,1.14172,1.14175,1.14159,1.14163
2026-07-21 23:00:00,1.14173,1.14174,1.1417,1.14171
2026-07-21 22:59:00,1.14172,1.14175,1.14167,1.14175
2026-07-21 22:58:00,1.1416,1.14178,1.1416,1.14176
2026-07-21 22:57:00,1.14163,1.1417,1.1416,1.14168
2026-07-21 22:56:00,1.14172,1.14172,1.14157,1.14159
2026-07-21 22:55:00,1.14163,1.14176,1.14158,1.14175
2026-07-21 22:54:00,1.14162,1.14173,1.1416,1.14162
2026-07-21 22:53:00,1.14171,1.14171,1.14158,1.1416
2026-07-21 22:52:00,1.14177,1.14177,1.14158,1.14163
2026-07-21 22:51:00,1.14181,1.14181,1.14168,1.14171
2026-07-21 22:50:00,1.14175,1.14183,1.14175,1.14183
2026-07-21 22:49:00,1.14164,1.14185,1.14164,1.14181
2026-07-21 22:48:00,1.14162,1.14173,1.14162,1.14172
2026-07-21 22:47:00,1.14158,1.14171,1.14157,1.14167
2026-07-21 22:46:00,1.14151,1.14163,1.14151,1.14162
2026-07-21 22:45:00,1.14151,1.14162,1.14144,1.14146
2026-07-21 22:44:00,1.14155,1.14155,1.14146,1.14148
2026-07-21 22:43:00,1.14165,1.14165,1.1415,1.14152
2026-07-21 22:42:00,1.14171,1.14171,1.14157,1.1416
2026-07-21 22:41:00,1.14171,1.14174,1.14165,1.14173
2026-07-21 22:40:00,1.14171,1.14175,1.14167,1.14171
2026-07-21 22:39:00,1.14172,1.14174,1.1417,1.14174
2026-07-21 22:38:00,1.14177,1.14177,1.14168,1.14169
2026-07-21 22:37:00,1.14181,1.14181,1.14167,1.14171
2026-07-21 22:36:00,1.14181,1.14183,1.14172,1.14181
2026-07-21 22:35:00,1.14185,1.14185,1.14177,1.14179
2026-07-21 22:34:00,1.14179,1.14189,1.14175,1.14188
2026-07-21 22:33:00,1.14169,1.14187,1.14169,1.14185
2026-07-21 22:32:00,1.14168,1.1418,1.14168,1.14176
2026-07-21 22:31:00,1.14154,1.14173,1.14154,1.14171
2026-07-21 22:30:00,1.14162,1.14167,1.14153,1.14154
2026-07-21 22:29:00,1.14172,1.14172,1.14151,1.14155
2026-07-21 22:28:00,1.14163,1.1418,1.14159,1.14178
2026-07-21 22:27:00,1.14167,1.14176,1.1415,1.14153
2026-07-21 22:26:00,1.14175,1.14175,1.14157,1.14161
2026-07-21 22:25:00,1.14175,1.14176,1.14163,1.14176
2026-07-21 22:24:00,1.14173,1.14177,1.14171,1.14177
2026-07-21 22:23:00,1.1417,1.14177,1.1417,1.14176
2026-07-21 22:22:00,1.14175,1.14176,1.14168,1.14169
2026-07-21 22:21:00,1.14172,1.14177,1.1417,1.14177
2026-07-21 22:20:00,1.14173,1.14179,1.1417,1.14171
2026-07-21 22:19:00,1.14171,1.14175,1.1417,1.14175
2026-07-21 22:18:00,1.14162,1.14178,1.14162,1.14175
2026-07-21 22:17:00,1.14169,1.14169,1.1416,1.14162
2026-07-21 22:16:00,1.14172,1.14172,1.14159,1.14163
2026-07-21 22:15:00,1.14175,1.14175,1.14168,1.1417
2026-07-21 22:14:00,1.14174,1.14176,1.14164,1.14176
2026-07-21 22:13:00,1.14171,1.14177,1.14171,1.14177
2026-07-21 22:12:00,1.14176,1.14176,1.14168,1.14169
2026-07-21 22:11:00,1.14191,1.14191,1.14171,1.14173
2026-07-21 22:10:00,1.14195,1.14201,1.14176,1.14182
2026-07-21 22:09:00,1.14186,1.14198,1.14186,1.14197
2026-07-21 22:08:00,1.14183,1.14194,1.14183,1.14193
2026-07-21 22:07:00,1.14177,1.14193,1.14175,1.14189
2026-07-21 22:06:00,1.1418,1.14181,1.14176,1.14181
2026-07-21 22:05:00,1.14188,1.14188,1.14173,1.14175
2026-07-21 22:04:00,1.14186,1.14191,1.14181,1.14191
2026-07-21 22:03:00,1.14197,1.14197,1.14181,1.14183
2026-07-21 22:02:00,1.14199,1.14199,1.14181,1.14187
2026-07-21 22:01:00,1.14192,1.14203,1.14192,1.14202
2026-07-21 22:00:00,1.14188,1.14203,1.14185,1.14199
2026-07-21 21:59:00,1.14187,1.1419,1.14187,1.1419
2026-07-21 21:58:00,1.14187,1.14193,1.14184,1.14185
2026-07-21 21:57:00,1.14186,1.1419,1.14185,1.1419
2026-07-21 21:56:00,1.14187,1.14192,1.14183,1.14183
2026-07-21 21:55:00,1.14189,1.14189,1.14183,1.14189
2026-07-21 21:54:00,1.14204,1.14204,1.14184,1.14186
2026-07-21 21:53:00,1.14219,1.14219,1.14185,1.14192
2026-07-21 21:52:00,1.14222,1.14222,1.14205,1.1421
2026-07-21 21:51:00,1.14219,1.14223,1.14219,1.14223
2026-07-21 21:50:00,1.14219,1.14222,1.14219,1.14222
2026-07-21 21:49:00,1.1422,1.14224,1.14215,1.14216
2026-07-21 21:48:00,1.1422,1.14222,1.14217,1.14222
2026-07-21 21:47:00,1.14229,1.14229,1.14215,1.14217
2026-07-21 21:46:00,1.14227,1.14235,1.14217,1.14233
2026-07-21 21:45:00,1.14219,1.14232,1.14219,1.1423
2026-07-21 21:44:00,1.14219,1.14227,1.14219,1.14225
2026-07-21 21:43:00,1.14227,1.14227,1.14215,1.14216
2026-07-21 21:42:00,1.1423,1.1423,1.14217,1.14221
2026-07-21 21:41:00,1.14225,1.14232,1.14222,1.14232
2026-07-21 21:40:00,1.1422,1.14234,1.1422,1.14231
2026-07-21 21:39:00,1.14224,1.14224,1.14217,1.14219
2026-07-21 21:38:00,1.14221,1.14226,1.14213,1.14225
2026-07-21 21:37:00,1.14212,1.14227,1.14212,1.14226
2026-07-21 21:36:00,1.14206,1.14226,1.14198,1.1422
2026-07-21 21:35:00,1.1421,1.1421,1.14205,1.14206
2026-07-21 21:34:00,1.14216,1.14216,1.14205,1.14207
2026-07-21 21:33:00,1.14217,1.14217,1.1421,1.14217
2026-07-21 21:32:00,1.14212,1.14219,1.14211,1.14218
2026-07-21 21:31:00,1.1421,1.14219,1.1421,1.14217
2026-07-21 21:30:00,1.1421,1.14211,1.14205,1.14211
2026-07-21 21:29:00,1.14209,1.14214,1.14202,1.14213
2026-07-21 21:28:00,1.14206,1.14211,1.14206,1.14211
2026-07-21 21:27:00,1.14202,1.14214,1.14201,1.1421
2026-07-21 21:26:00,1.14199,1.14205,1.14199,1.14205
2026-07-21 21:25:00,1.14197,1.14207,1.14195,1.14204
2026-07-21 21:24:00,1.14192,1.142,1.14192,1.142
2026-07-21 21:23:00,1.1419,1.142,1.14189,1.14197
2026-07-21 21:22:00,1.14199,1.14199,1.14187,1.14189
2026-07-21 21:21:00,1.14206,1.14206,1.14189,1.14193
2026-07-21 21:20:00,1.14211,1.14211,1.14198,1.14201
2026-07-21 21:19:00,1.14205,1.14214,1.14201,1.14213
2026-07-21 21:18:00,1.14205,1.14215,1.14197,1.14199
2026-07-21 21:17:00,1.14201,1.14207,1.142,1.14207
2026-07-21 21:16:00,1.14198,1.1421,1.14196,1.14206
2026-07-21 21:15:00,1.14192,1.14201,1.14192,1.14201
2026-07-21 21:14:00,1.14177,1.14203,1.14177,1.14198
2026-07-21 21:13:00,1.14178,1.14191,1.14178,1.14187
2026-07-21 21:12:00,1.14179,1.14181,1.14171,1.14173
2026-07-21 21:11:00,1.14185,1.14185,1.14176,1.14177
2026-07-21 21:10:00,1.14198,1.14198,1.14179,1.14181
2026-07-21 21:09:00,1.14208,1.14208,1.14183,1.14189
2026-07-21 21:08:00,1.14209,1.14215,1.14198,1.14209
2026-07-21 21:07:00,1.14209,1.14212,1.14205,1.14209
2026-07-21 21:06:00,1.14207,1.14211,1.14207,1.14211
2026-07-21 21:05:00,1.14211,1.14213,1.14203,1.14204
2026-07-21 21:04:00,1.14208,1.14212,1.14205,1.14212
2026-07-21 21:03:00,1.14204,1.14213,1.14204,1.14211
2026-07-21 21:02:00,1.14209,1.14209,1.14202,1.14203
2026-07-21 21:01:00,1.14211,1.14211,1.14202,1.14205
2026-07-21 21:00:00,1.14209,1.14213,1.14207,1.14213
2026-07-21 20:59:00,1.14216,1.14216,1.14205,1.14207
2026-07-21 20:58:00,1.14226,1.14226,1.14207,1.1421
2026-07-21 20:57:00,1.14224,1.14232,1.14216,1.1423
2026-07-21 20:56:00,1.14221,1.1423,1.14221,1.14228
2026-07-21 20:55:00,1.14223,1.14224,1.1422,1.14224
2026-07-21 20:54:00,1.14218,1.14225,1.14218,1.14224
2026-07-21 20:53:00,1.14216,1.14223,1.14216,1.14222
2026-07-21 20:52:00,1.14227,1.14227,1.14211,1.14213
2026-07-21 20:51:00,1.1423,1.1423,1.14217,1.14221
2026-07-21 20:50:00,1.14231,1.14232,1.14227,1.14231
2026-07-21 20:49:00,1.14232,1.14234,1.14226,1.14228
2026-07-21 20:48:00,1.14233,1.14234,1.14228,1.14234
2026-07-21 20:47:00,1.14248,1.14248,1.14228,1.14229
2026-07-21 20:46:00,1.14251,1.1426,1.1423,1.14236
2026-07-21 20:45:00,1.14251,1.14254,1.14245,1.14253
2026-07-21 20:44:00,1.1425,1.14254,1.1425,1.14254
2026-07-21 20:43:00,1.14252,1.14254,1.14249,1.14249
2026-07-21 20:42:00,1.14261,1.14261,1.14244,1.14247
2026-07-21 20:41:00,1.14269,1.14269,1.14249,1.14254
2026-07-21 20:40:00,1.14279,1.14279,1.14261,1.14264
2026-07-21 20:39:00,1.1428,1.14284,1.14267,1.1428
2026-07-21 20:38:00,1.14285,1.14285,1.14271,1.14274
2026-07-21 20:37:00,1.14281,1.14289,1.14277,1.14288
2026-07-21 20:36:00,1.14273,1.1429,1.14273,1.14286
2026-07-21 20:35:00,1.14274,1.14278,1.14271,1.14278
2026-07-21 20:34:00,1.14273,1.14279,1.14266,1.14273
2026-07-21 20:33:00,1.14273,1.14275,1.14265,1.14275
2026-07-21 20:32:00,1.14271,1.14276,1.14269,1.14275
2026-07-21 20:31:00,1.14271,1.14274,1.1427,1.14273
2026-07-21 20:30:00,1.14263,1.14275,1.14263,1.14274
2026-07-21 20:29:00,1.14256,1.14275,1.14256,1.1427
2026-07-21 20:28:00,1.14256,1.14261,1.14252,1.1426
2026-07-21 20:27:00,1.14257,1.14262,1.1425,1.14252
2026-07-21 20:26:00,1.1425,1.14261,1.14249,1.14261
2026-07-21 20:25:00,1.14252,1.14262,1.14238,1.14241
2026-07-21 20:24:00,1.1425,1.14255,1.1424,1.14255
2026-07-21 20:23:00,1.14251,1.14255,1.14248,1.14248
2026-07-21 20:22:00,1.14249,1.14253,1.1424,1.14253
2026-07-21 20:21:00,1.14248,1.14253,1.14244,1.14252
2026-07-21 20:20:00,1.1425,1.14252,1.14243,1.14245
2026-07-21 20:19:00,1.14251,1.14251,1.14244,1.14251
2026-07-21 20:18:00,1.14247,1.14254,1.14243,1.14253
2026-07-21 20:17:00,1.14247,1.1425,1.14247,1.1425
2026-07-21 20:16:00,1.14255,1.14255,1.14243,1.14244
2026-07-21 20:15:00,1.14257,1.1426,1.14245,1.14249
2026-07-21 20:14:00,1.14267,1.14267,1.14248,1.14251
2026-07-21 20:13:00,1.14266,1.14271,1.14248,1.1427
2026-07-21 20:12:00,1.14248,1.14271,1.14248,1.14269
2026-07-21 20:11:00,1.14237,1.14268,1.14237,1.14262
2026-07-21 20:10:00,1.14231,1.1425,1.14231,1.14245
2026-07-21 20:09:00,1.14231,1.1424,1.14227,1.14231
2026-07-21 20:08:00,1.1423,1.14233,1.14224,1.14233
2026-07-21 20:07:00,1.14232,1.14236,1.14229,1.14229
2026-07-21 20:06:00,1.14237,1.14237,1.14227,1.14229
2026-07-21 20:05:00,1.14241,1.14241,1.14227,1.1423
2026-07-21 20:04:00,1.14238,1.14243,1.14236,1.14243
2026-07-21 20:03:00,1.14225,1.14245,1.14225,1.14242
2026-07-21 20:02:00,1.14227,1.14238,1.14227,1.14235
2026-07-21 20:01:00,1.14233,1.14233,1.14224,1.14225
2026-07-21 20:00:00,1.14236,1.14236,1.14223,1.14227
2026-07-21 19:59:00,1.14239,1.14239,1.14232,1.14234
2026-07-21 19:58:00,1.14244,1.14244,1.14233,1.14235
2026-07-21 19:57:00,1.14248,1.14248,1.14237,1.1424
2026-07-21 19:56:00,1.14251,1.14251,1.14244,1.14245
2026-07-21 19:55:00,1.1425,1.14253,1.14247,1.14253
2026-07-21 19:54:00,1.14251,1.14255,1.14245,1.14246
2026-07-21 19:53:00,1.1425,1.14254,1.14243,1.14254
2026-07-21 19:52:00,1.14248,1.14254,1.14245,1.14253
2026-07-21 19:51:00,1.14241,1.14252,1.14241,1.14251
2026-07-21 19:50:00,1.14245,1.14249,1.1424,1.14241
2026-07-21 19:49:00,1.14242,1.14245,1.1424,1.14245
2026-07-21 19:48:00,1.14239,1.14247,1.14239,1.14246
2026-07-21 19:47:00,1.14234,1.14247,1.14234,1.14244
2026-07-21 19:46:00,1.1424,1.1424,1.14231,1.14233
2026-07-21 19:45:00,1.14244,1.14244,1.14236,1.14237
2026-07-21 19:44:00,1.14242,1.14246,1.1424,1.14246
2026-07-21 19:43:00,1.14242,1.14248,1.14239,1.1424
2026-07-21 19:42:00,1.14251,1.14251,1.14237,1.14239
2026-07-21 19:41:00,1.14266,1.14266,1.14241,1.14245
2026-07-21 19:40:00,1.1427,1.1427,1.1425,1.14256
2026-07-21 19:39:00,1.14244,1.14279,1.14244,1.14276
2026-07-21 19:38:00,1.14236,1.14274,1.1422,1.14263
2026-07-21 19:37:00,1.14232,1.1424,1.14232,1.14239
2026-07-21 19:36:00,1.14232,1.14241,1.14225,1.14227
2026-07-21 19:35:00,1.1423,1.14235,1.14229,1.14235
2026-07-21 19:34:00,1.1423,1.14236,1.14228,1.14228
2026-07-21 19:33:00,1.14217,1.14233,1.14217,1.14233
2026-07-21 19:32:00,1.14215,1.14233,1.14207,1.14209
2026-07-21 19:31:00,1.14218,1.14218,1.1421,1.14212
2026-07-21 19:30:00,1.14225,1.14225,1.14213,1.14215
2026-07-21 19:29:00,1.14231,1.14231,1.1422,1.14222
2026-07-21 19:28:00,1.14231,1.14234,1.14225,1.14233
2026-07-21 19:27:00,1.1423,1.14235,1.14228,1.14234
2026-07-21 19:26:00,1.14233,1.14233,1.14227,1.14229
2026-07-21 19:25:00,1.14244,1.14244,1.1423,1.14231
2026-07-21 19:24:00,1.14246,1.14251,1.14233,1.14237
2026-07-21 19:23:00,1.14246,1.14248,1.14239,1.14246
2026-07-21 19:22:00,1.1425,1.1425,1.14243,1.14245
2026-07-21 19:21:00,1.14248,1.1425,1.14241,1.1425
2026-07-21 19:20:00,1.14245,1.14252,1.14244,1.14251
2026-07-21 19:19:00,1.14238,1.14249,1.14238,1.14248
2026-07-21 19:18:00,1.1423,1.14249,1.1423,1.14245
2026-07-21 19:17:00,1.14228,1.14236,1.14228,1.14235
2026-07-21 19:16:00,1.14224,1.14236,1.14224,1.14233
2026-07-21 19:15:00,1.14223,1.14227,1.14223,1.14227
2026-07-21 19:14:00,1.14218,1.14229,1.14218,1.14227
2026-07-21 19:13:00,1.14218,1.14222,1.14218,1.14222
2026-07-21 19:12:00,1.14225,1.14225,1.14214,1.14215
2026-07-21 19:11:00,1.1423,1.1423,1.14215,1.14219
2026-07-21 19:10:00,1.14231,1.14231,1.14224,1.14226
2026-07-21 19:09:00,1.1423,1.14233,1.14227,1.14233
2026-07-21 19:08:00,1.1423,1.14232,1.14226,1.14232
2026-07-21 19:07:00,1.14228,1.14235,1.14227,1.14233
2026-07-21 19:06:00,1.14229,1.14235,1.14227,1.14233
2026-07-21 19:05:00,1.14218,1.14235,1.14218,1.14233
2026-07-21 19:04:00,1.1422,1.14233,1.1422,1.1423
2026-07-21 19:03:00,1.14218,1.14225,1.14214,1.14223
2026-07-21 19:02:00,1.14215,1.1422,1.14215,1.1422
2026-07-21 19:01:00,1.14215,1.14221,1.14214,1.14215
2026-07-21 19:00:00,1.14212,1.14217,1.14211,1.14217
2026-07-21 18:59:00,1.14215,1.14216,1.1421,1.14211
2026-07-21 18:58:00,1.14218,1.14218,1.14206,1.14209
2026-07-21 18:57:00,1.14218,1.14221,1.14214,1.14221
2026-07-21 18:56:00,1.14224,1.14224,1.14214,1.14215
2026-07-21 18:55:00,1.14222,1.14228,1.14214,1.14227
2026-07-21 18:54:00,1.14228,1.14228,1.1422,1.1422
2026-07-21 18:53:00,1.14223,1.14232,1.14219,1.14231
2026-07-21 18:52:00,1.14217,1.14231,1.14217,1.14227
2026-07-21 18:51:00,1.14216,1.14222,1.14216,1.14221
2026-07-21 18:50:00,1.14215,1.14219,1.14213,1.14218
2026-07-21 18:49:00,1.14218,1.14219,1.14211,1.14213
2026-07-21 18:48:00,1.14227,1.14227,1.14213,1.14215
2026-07-21 18:47:00,1.14232,1.14232,1.14218,1.14221
2026-07-21 18:46:00,1.14232,1.14235,1.14227,1.14235
2026-07-21 18:45:00,1.14232,1.14237,1.14227,1.14228
2026-07-21 18:44:00,1.1423,1.14234,1.14227,1.14234
2026-07-21 18:43:00,1.14221,1.14236,1.14221,1.14234
2026-07-21 18:42:00,1.14218,1.14229,1.14218,1.14228
2026-07-21 18:41:00,1.14221,1.14226,1.14213,1.14215
2026-07-21 18:40:00,1.14212,1.14226,1.14212,1.14225
2026-07-21 18:39:00,1.14197,1.14222,1.14197,1.14219
2026-07-21 18:38:00,1.14203,1.14215,1.14188,1.14191
2026-07-21 18:37:00,1.14213,1.14213,1.1419,1.14195
2026-07-21 18:36:00,1.14225,1.14225,1.14203,1.14207
2026-07-21 18:35:00,1.14227,1.14233,1.1421,1.14216
2026-07-21 18:34:00,1.14221,1.14231,1.14221,1.1423
2026-07-21 18:33:00,1.1422,1.14227,1.1422,1.14226
2026-07-21 18:32:00,1.14223,1.14226,1.14218,1.14218
2026-07-21 18:31:00,1.14235,1.14235,1.14217,1.14219
2026-07-21 18:30:00,1.14243,1.14243,1.14215,1.14222
2026-07-21 18:29:00,1.14243,1.14244,1.14235,1.14244
2026-07-21 18:28:00,1.14245,1.14245,1.14239,1.14241
2026-07-21 18:27:00,1.1425,1.1425,1.1424,1.14242
2026-07-21 18:26:00,1.14246,1.14254,1.1424,1.14253
2026-07-21 18:25:00,1.1424,1.14255,1.1424,1.14251
2026-07-21 18:24:00,1.14249,1.14249,1.14236,1.14239
2026-07-21 18:23:00,1.14254,1.14254,1.14239,1.14243
2026-07-21 18:22:00,1.14251,1.14257,1.14249,1.14257
2026-07-21 18:21:00,1.14246,1.14257,1.1424,1.14255
2026-07-21 18:20:00,1.14242,1.14252,1.14242,1.14251
2026-07-21 18:19:00,1.14234,1.14247,1.14234,1.14245
2026-07-21 18:18:00,1.1423,1.14245,1.1423,1.14241
2026-07-21 18:17:00,1.14231,1.14233,1.14223,1.14233
2026-07-21 18:16:00,1.14239,1.14239,1.14227,1.14228
2026-07-21 18:15:00,1.14233,1.14246,1.1423,1.14244
2026-07-21 18:14:00,1.1423,1.14243,1.14224,1.14239
2026-07-21 18:13:00,1.1423,1.14233,1.14226,1.14233
2026-07-21 18:12:00,1.14234,1.14235,1.1423,1.1423
2026-07-21 18:11:00,1.14237,1.14237,1.1423,1.14232
2026-07-21 18:10:00,1.14233,1.14239,1.14228,1.14238
2026-07-21 18:09:00,1.14234,1.14239,1.1423,1.14234
2026-07-21 18:08:00,1.14226,1.14237,1.14226,1.14236
2026-07-21 18:07:00,1.14227,1.14238,1.1422,1.14222
2026-07-21 18:06:00,1.14221,1.1423,1.14221,1.14229
2026-07-21 18:05:00,1.14223,1.14231,1.14214,1.14216
2026-07-21 18:04:00,1.1423,1.1423,1.14218,1.1422
2026-07-21 18:03:00,1.14239,1.14239,1.14219,1.14223
2026-07-21 18:02:00,1.14235,1.14243,1.14228,1.14242
2026-07-21 18:01:00,1.14234,1.14241,1.14231,1.14234
2026-07-21 18:00:00,1.14233,1.14236,1.14228,1.14236
2026-07-21 17:59:00,1.14229,1.14235,1.14229,1.14234
2026-07-21 17:58:00,1.14223,1.14236,1.14223,1.14234
2026-07-21 17:57:00,1.14218,1.14228,1.14218,1.14227
2026-07-21 17:56:00,1.14212,1.14228,1.14212,1.14224
2026-07-21 17:55:00,1.14217,1.14217,1.14211,1.14212
2026-07-21 17:54:00,1.14222,1.14222,1.1421,1.14212
2026-07-21 17:53:00,1.14226,1.14226,1.14216,1.14219
2026-07-21 17:52:00,1.14231,1.14231,1.1422,1.14222
2026-07-21 17:51:00,1.1423,1.14232,1.14223,1.14232
2026-07-21 17:50:00,1.14229,1.14233,1.14227,1.14232
2026-07-21 17:49:00,1.14229,1.14232,1.14228,1.14232
2026-07-21 17:48:00,1.1423,1.1423,1.14228,1.1423
2026-07-21 17:47:00,1.1423,1.14233,1.14227,1.1423
2026-07-21 17:46:00,1.14229,1.14232,1.14226,1.14232
2026-07-21 17:45:00,1.14234,1.14235,1.14224,1.14225
2026-07-21 17:44:00,1.14243,1.14243,1.14224,1.14228
2026-07-21 17:43:00,1.14245,1.14247,1.14231,1.14245
2026-07-21 17:42:00,1.14246,1.14248,1.14243,1.14248
2026-07-21 17:41:00,1.14247,1.14249,1.14243,1.14244
2026-07-21 17:40:00,1.14246,1.14249,1.14239,1.14249
2026-07-21 17:39:00,1.14244,1.14249,1.14241,1.14248
2026-07-21 17:38:00,1.1425,1.1425,1.14239,1.14241
2026-07-21 17:37:00,1.1425,1.14253,1.14241,1.14252
2026-07-21 17:36:00,1.14249,1.14254,1.14243,1.14253
2026-07-21 17:35:00,1.14243,1.14253,1.14241,1.14252
2026-07-21 17:34:00,1.14228,1.14254,1.14228,1.14249
2026-07-21 17:33:00,1.14235,1.1424,1.14227,1.14229
2026-07-21 17:32:00,1.14247,1.14247,1.14226,1.1423
2026-07-21 17:31:00,1.14256,1.14256,1.14236,1.1424
2026-07-21 17:30:00,1.14263,1.14263,1.14245,1.14249
2026-07-21 17:29:00,1.14262,1.14264,1.1425,1.14264
2026-07-21 17:28:00,1.14258,1.14264,1.14258,1.14264
2026-07-21 17:27:00,1.14258,1.14266,1.14254,1.14258
2026-07-21 17:26:00,1.14263,1.14263,1.14253,1.14255
2026-07-21 17:25:00,1.14271,1.14271,1.14252,1.14256
2026-07-21 17:24:00,1.1427,1.14277,1.1426,1.14276
2026-07-21 17:23:00,1.14269,1.14275,1.14269,1.14269
2026-07-21 17:22:00,1.14265,1.14271,1.14261,1.14271
2026-07-21 17:21:00,1.14255,1.14273,1.14255,1.1427
2026-07-21 17:20:00,1.14239,1.14265,1.14239,1.14263
2026-07-21 17:19:00,1.1423,1.14258,1.1423,1.14251
2026-07-21 17:18:00,1.14227,1.1424,1.14227,1.14237
2026-07-21 17:17:00,1.14224,1.1423,1.14224,1.14229
2026-07-21 17:16:00,1.14231,1.14231,1.14222,1.14223
2026-07-21 17:15:00,1.14226,1.14237,1.14223,1.14235
2026-07-21 17:14:00,1.14236,1.14236,1.14218,1.1422
2026-07-21 17:13:00,1.14242,1.14244,1.14222,1.14227
2026-07-21 17:12:00,1.1425,1.1425,1.14232,1.14236
2026-07-21 17:11:00,1.14255,1.14255,1.14241,1.14244
2026-07-21 17:10:00,1.14258,1.14258,1.14245,1.14248
2026-07-21 17:09:00,1.14261,1.14261,1.14249,1.14253
2026-07-21 17:08:00,1.1426,1.14262,1.1425,1.14262
2026-07-21 17:07:00,1.14254,1.14264,1.14254,1.14263
2026-07-21 17:06:00,1.14254,1.14259,1.1425,1.14258
2026-07-21 17:05:00,1.14248,1.14259,1.14247,1.14257
2026-07-21 17:04:00,1.14242,1.14253,1.14242,1.14252
2026-07-21 17:03:00,1.14242,1.14254,1.14232,1.14235
2026-07-21 17:02:00,1.1423,1.14248,1.1423,1.14247
2026-07-21 17:01:00,1.14222,1.14246,1.14215,1.14239
2026-07-21 17:00:00,1.14225,1.14227,1.14215,1.14225
2026-07-21 16:59:00,1.14228,1.14228,1.14219,1.14221
2026-07-21 16:58:00,1.14219,1.14231,1.14219,1.1423
2026-07-21 16:57:00,1.14211,1.14228,1.14211,1.14225
2026-07-21 16:56:00,1.1421,1.14223,1.14204,1.1421
2026-07-21 16:55:00,1.14213,1.14213,1.14206,1.14208
2026-07-21 16:54:00,1.14216,1.14216,1.1421,1.14211
2026-07-21 16:53:00,1.14219,1.14219,1.1421,1.14213
2026-07-21 16:52:00,1.14227,1.14227,1.14213,1.14215
2026-07-21 16:51:00,1.14232,1.14232,1.14214,1.14219
2026-07-21 16:50:00,1.14231,1.14233,1.14223,1.14233
2026-07-21 16:49:00,1.14225,1.14234,1.14225,1.14234
2026-07-21 16:48:00,1.14226,1.14232,1.1422,1.14222
2026-07-21 16:47:00,1.14224,1.14227,1.14217,1.14227
2026-07-21 16:46:00,1.14222,1.14226,1.1422,1.14226
2026-07-21 16:45:00,1.14221,1.14229,1.14218,1.14221
2026-07-21 16:44:00,1.14218,1.14223,1.14217,1.14223
2026-07-21 16:43:00,1.14207,1.14226,1.14207,1.14223
2026-07-21 16:42:00,1.14207,1.14216,1.14207,1.14214
2026-07-21 16:41:00,1.14204,1.14213,1.142,1.14211
2026-07-21 16:40:00,1.14212,1.14212,1.142,1.14202
2026-07-21 16:39:00,1.14218,1.14218,1.142,1.14205
2026-07-21 16:38:00,1.14209,1.14222,1.14206,1.14221
2026-07-21 16:37:00,1.14203,1.14218,1.14203,1.14215
2026-07-21 16:36:00,1.14201,1.14213,1.14199,1.1421
2026-07-21 16:35:00,1.14202,1.14203,1.14201,1.14203
2026-07-21 16:34:00,1.14198,1.14206,1.14198,1.14205
2026-07-21 16:33:00,1.14198,1.14201,1.14198,1.14201
2026-07-21 16:32:00,1.14203,1.14204,1.14196,1.14196
2026-07-21 16:31:00,1.14203,1.14206,1.14194,1.14205
2026-07-21 16:30:00,1.142,1.14206,1.14198,1.14205
2026-07-21 16:29:00,1.14204,1.14204,1.14198,1.14199
2026-07-21 16:28:00,1.14213,1.14213,1.14197,1.142
2026-07-21 16:27:00,1.14217,1.14217,1.14203,1.14207
2026-07-21 16:26:00,1.14217,1.14219,1.14209,1.14219
2026-07-21 16:25:00,1.14204,1.14222,1.14204,1.1422
2026-07-21 16:24:00,1.142,1.14215,1.142,1.14212
2026-07-21 16:23:00,1.14196,1.1421,1.14193,1.14206
2026-07-21 16:22:00,1.14195,1.14199,1.14193,1.14199
2026-07-21 16:21:00,1.14199,1.14202,1.14188,1.1419
2026-07-21 16:20:00,1.142,1.14201,1.14189,1.14201
2026-07-21 16:19:00,1.14194,1.14203,1.14189,1.14202
2026-07-21 16:18:00,1.14191,1.14202,1.14191,1.142
2026-07-21 16:17:00,1.14192,1.14196,1.14188,1.14189
2026-07-21 16:16:00,1.14195,1.14195,1.14188,1.1419
2026-07-21 16:15:00,1.14196,1.14198,1.14188,1.14198
2026-07-21 16:14:00,1.14191,1.142,1.14191,1.14199
2026-07-21 16:13:00,1.14192,1.14195,1.14192,1.14195
2026-07-21 16:12:00,1.14197,1.14197,1.14188,1.14189
2026-07-21 16:11:00,1.14193,1.142,1.1419,1.14199
2026-07-21 16:10:00,1.14189,1.142,1.14189,1.14197
2026-07-21 16:09:00,1.14186,1.14192,1.14186,1.14192
2026-07-21 16:08:00,1.14192,1.14192,1.14183,1.14184
2026-07-21 16:07:00,1.142,1.142,1.14185,1.14188
2026-07-21 16:06:00,1.14202,1.14204,1.1419,1.14194
2026-07-21 16:05:00,1.14193,1.14207,1.14193,1.14206
2026-07-21 16:04:00,1.14186,1.14201,1.14186,1.14199
2026-07-21 16:03:00,1.14191,1.14199,1.14174,1.14177
2026-07-21 16:02:00,1.14187,1.14197,1.14183,1.14196
2026-07-21 16:01:00,1.14182,1.14195,1.14182,1.14192
2026-07-21 16:00:00,1.14182,1.14187,1.14182,1.14186
2026-07-21 15:59:00,1.14179,1.14187,1.14179,1.14185
2026-07-21 15:58:00,1.14182,1.14183,1.14177,1.14178
2026-07-21 15:57:00,1.14187,1.14187,1.14175,1.14177
2026-07-21 15:56:00,1.14198,1.14198,1.14179,1.14182
2026-07-21 15:55:00,1.14198,1.14204,1.14181,1.14198
2026-07-21 15:54:00,1.14195,1.14201,1.14189,1.142
2026-07-21 15:53:00,1.1419,1.14198,1.1419,1.14198
2026-07-21 15:52:00,1.1419,1.14201,1.14182,1.14184
2026-07-21 15:51:00,1.14197,1.14197,1.14187,1.14189
2026-07-21 15:50:00,1.14204,1.14204,1.1419,1.14193
2026-07-21 15:49:00,1.14204,1.14206,1.14198,1.14206
2026-07-21 15:48:00,1.14204,1.14206,1.14202,1.14204
2026-07-21 15:47:00,1.14214,1.14214,1.142,1.14202
2026-07-21 15:46:00,1.14216,1.14218,1.142,1.14205
2026-07-21 15:45:00,1.14211,1.14218,1.14209,1.14217
2026-07-21 15:44:00,1.14208,1.14215,1.14208,1.14214
2026-07-21 15:43:00,1.14205,1.14216,1.14203,1.14213
2026-07-21 15:42:00,1.14202,1.14209,1.14201,1.14209
2026-07-21 15:41:00,1.14195,1.14211,1.14195,1.14207
2026-07-21 15:40:00,1.14194,1.142,1.14194,1.14199
2026-07-21 15:39:00,1.1419,1.14199,1.1419,1.14197
2026-07-21 15:38:00,1.14191,1.14195,1.14189,1.14194
2026-07-21 15:37:00,1.14189,1.14192,1.14189,1.14192
2026-07-21 15:36:00,1.1419,1.14194,1.14189,1.1419
2026-07-21 15:35:00,1.14191,1.14191,1.14187,1.14191
2026-07-21 15:34:00,1.14188,1.14195,1.14187,1.14194
2026-07-21 15:33:00,1.14186,1.14192,1.14186,1.14191
2026-07-21 15:32:00,1.14176,1.14193,1.14176,1.1419
2026-07-21 15:31:00,1.14174,1.14187,1.14174,1.14185
2026-07-21 15:30:00,1.14173,1.14182,1.14169,1.1417
2026-07-21 15:29:00,1.14173,1.14175,1.14172,1.14175
2026-07-21 15:28:00,1.14173,1.14175,1.14173,1.14173
2026-07-21 15:27:00,1.14172,1.14176,1.14172,1.14176
2026-07-21 15:26:00,1.14168,1.14174,1.14168,1.14174
2026-07-21 15:25:00,1.14171,1.14175,1.14165,1.14166
2026-07-21 15:24:00,1.14172,1.14173,1.14163,1.14172
2026-07-21 15:23:00,1.14173,1.14175,1.14172,1.14172
2026-07-21 15:22:00,1.14174,1.14176,1.14171,1.14176
2026-07-21 15:21:00,1.14177,1.14178,1.14173,1.14173
2026-07-21 15:20:00,1.14175,1.14179,1.14172,1.14179
2026-07-21 15:19:00,1.14172,1.1418,1.14172,1.14178
2026-07-21 15:18:00,1.14173,1.14175,1.14172,1.14175
2026-07-21 15:17:00,1.14163,1.14175,1.14163,1.14174
2026-07-21 15:16:00,1.14162,1.14175,1.14161,1.14172
2026-07-21 15:15:00,1.14165,1.14165,1.1416,1.14161
2026-07-21 15:14:00,1.14173,1.14173,1.14162,1.14163
2026-07-21 15:13:00,1.14181,1.14181,1.14164,1.14167
2026-07-21 15:12:00,1.14194,1.14194,1.14171,1.14175
2026-07-21 15:11:00,1.14188,1.14202,1.14182,1.142
2026-07-21 15:10:00,1.14178,1.14197,1.14178,1.14193
2026-07-21 15:09:00,1.14176,1.14188,1.14176,1.14186
2026-07-21 15:08:00,1.14172,1.14182,1.14172,1.1418
2026-07-21 15:07:00,1.14175,1.14176,1.14168,1.1417
2026-07-21 15:06:00,1.14176,1.14176,1.14168,1.14176
2026-07-21 15:05:00,1.14181,1.14181,1.1417,1.14172
2026-07-21 15:04:00,1.14175,1.14183,1.14171,1.14183
2026-07-21 15:03:00,1.14177,1.14185,1.14168,1.1417
2026-07-21 15:02:00,1.1418,1.1418,1.14167,1.14171
2026-07-21 15:01:00,1.14182,1.14182,1.14171,1.14174
2026-07-21 15:00:00,1.14182,1.14184,1.14175,1.14184
2026-07-21 14:59:00,1.14179,1.14186,1.14175,1.14184
2026-07-21 14:58:00,1.14179,1.14182,1.14175,1.14182
2026-07-21 14:57:00,1.14177,1.14181,1.14175,1.1418
2026-07-21 14:56:00,1.14173,1.14181,1.14173,1.1418
2026-07-21 14:55:00,1.14174,1.14177,1.14172,1.14174
2026-07-21 14:54:00,1.14165,1.14177,1.14165,1.14176
2026-07-21 14:53:00,1.14168,1.14173,1.14166,1.14168
2026-07-21 14:52:00,1.14168,1.14171,1.14159,1.14168
2026-07-21 14:51:00,1.14168,1.14171,1.14163,1.14171
2026-07-21 14:50:00,1.14171,1.14173,1.14164,1.14165
2026-07-21 14:49:00,1.14169,1.14172,1.14162,1.14172
2026-07-21 14:48:00,1.14162,1.14173,1.14162,1.14171
2026-07-21 14:47:00,1.14168,1.14169,1.1416,1.14162
2026-07-21 14:46:00,1.1417,1.1417,1.14159,1.14163
2026-07-21 14:45:00,1.14168,1.14171,1.14164,1.14171
2026-07-21 14:44:00,1.14158,1.14172,1.14158,1.14171
2026-07-21 14:43:00,1.14158,1.14173,1.14145,1.14149
2026-07-21 14:42:00,1.14162,1.14162,1.14153,1.14155
2026-07-21 14:41:00,1.1416,1.14164,1.14155,1.14164
2026-07-21 14:40:00,1.14161,1.14163,1.14159,1.14163
2026-07-21 14:39:00,1.1416,1.14165,1.14154,1.14164
2026-07-21 14:38:00,1.14158,1.14162,1.14158,1.14162
2026-07-21 14:37:00,1.14154,1.14163,1.14154,1.14161
2026-07-21 14:36:00,1.14156,1.1416,1.14154,1.14156
2026-07-21 14:35:00,1.14155,1.14156,1.14151,1.14156
2026-07-21 14:34:00,1.14157,1.14159,1.14151,1.14153
2026-07-21 14:33:00,1.14152,1.14159,1.14152,1.14159
2026-07-21 14:32:00,1.14152,1.14162,1.14145,1.14147
2026-07-21 14:31:00,1.14152,1.14154,1.14147,1.14154
2026-07-21 14:30:00,1.14153,1.14157,1.14149,1.1415
2026-07-21 14:29:00,1.14153,1.14156,1.14152,1.14156
2026-07-21 14:28:00,1.14153,1.14157,1.1415,1.14151
2026-07-21 14:27:00,1.14152,1.14155,1.14151,1.14155
2026-07-21 14:26:00,1.14154,1.14154,1.14151,1.14152
2026-07-21 14:25:00,1.14153,1.14155,1.1415,1.14155
2026-07-21 14:24:00,1.14152,1.14154,1.1415,1.14154
2026-07-21 14:23:00,1.14154,1.14157,1.1415,1.14151
2026-07-21 14:22:00,1.14154,1.14156,1.14149,1.14156
2026-07-21 14:21:00,1.14159,1.14159,1.14151,1.14152
2026-07-21 14:20:00,1.14154,1.14163,1.1415,1.14162
2026-07-21 14:19:00,1.14152,1.14163,1.14148,1.14152
2026-07-21 14:18:00,1.14152,1.14154,1.14145,1.14154
2026-07-21 14:17:00,1.14151,1.14155,1.14147,1.14154
2026-07-21 14:16:00,1.14152,1.14154,1.1415,1.14152
2026-07-21 14:15:00,1.14152,1.14153,1.14149,1.14153
2026-07-21 14:14:00,1.14144,1.14155,1.14144,1.14154
2026-07-21 14:13:00,1.14145,1.14153,1.14145,1.14151
2026-07-21 14:12:00,1.14143,1.1415,1.14143,1.14148
2026-07-21 14:11:00,1.14143,1.14147,1.14143,1.14147
2026-07-21 14:10:00,1.14137,1.14149,1.14137,1.14147
2026-07-21 14:09:00,1.14137,1.14145,1.14137,1.14143
2026-07-21 14:08:00,1.14137,1.14141,1.14136,1.14136
2026-07-21 14:07:00,1.14131,1.14141,1.14131,1.1414
2026-07-21 14:06:00,1.14131,1.14139,1.1413,1.14131
2026-07-21 14:05:00,1.14132,1.14133,1.14129,1.14132
2026-07-21 14:04:00,1.14133,1.14133,1.1413,1.14133
2026-07-21 14:03:00,1.14129,1.14136,1.14129,1.14135
2026-07-21 14:02:00,1.14128,1.14134,1.14128,1.14133
2026-07-21 14:01:00,1.1413,1.14135,1.14125,1.14126
2026-07-21 14:00:00,1.14131,1.14132,1.14125,1.14132
2026-07-21 13:59:00,1.14138,1.14138,1.14127,1.14128
2026-07-21 13:58:00,1.14139,1.14142,1.14129,1.14141
2026-07-21 13:57:00,1.14137,1.14141,1.14137,1.1414
2026-07-21 13:56:00,1.14142,1.14142,1.14134,1.14136
2026-07-21 13:55:00,1.14146,1.14146,1.14137,1.14139
2026-07-21 13:54:00,1.1415,1.1415,1.14141,1.14143
2026-07-21 13:53:00,1.14151,1.14152,1.14145,1.14151
2026-07-21 13:52:00,1.14154,1.14154,1.14146,1.14148
2026-07-21 13:51:00,1.14153,1.14156,1.14149,1.14156
2026-07-21 13:50:00,1.14147,1.14158,1.14147,1.14156
2026-07-21 13:49:00,1.1414,1.14153,1.1414,1.14152
2026-07-21 13:48:00,1.14135,1.14152,1.1413,1.14147
2026-07-21 13:47:00,1.14132,1.14138,1.14132,1.14138
2026-07-21 13:46:00,1.14132,1.14138,1.14131,1.14132
2026-07-21 13:45:00,1.14131,1.14134,1.14131,1.14134
2026-07-21 13:44:00,1.14129,1.14132,1.14129,1.14132
2026-07-21 13:43:00,1.14129,1.14135,1.14127,1.14129
2026-07-21 13:42:00,1.14129,1.14131,1.14127,1.14131
2026-07-21 13:41:00,1.14122,1.14134,1.14122,1.14132
2026-07-21 13:40:00,1.14122,1.14128,1.14122,1.14127
2026-07-21 13:39:00,1.14121,1.14128,1.1412,1.14121
2026-07-21 13:38:00,1.14125,1.14125,1.14119,1.1412
2026-07-21 13:37:00,1.14127,1.14127,1.1412,1.14122
2026-07-21 13:36:00,1.14129,1.14129,1.14121,1.14129
2026-07-21 13:35:00,1.14125,1.1413,1.14121,1.1413
2026-07-21 13:34:00,1.14121,1.14132,1.14121,1.1413
2026-07-21 13:33:00,1.14118,1.14124,1.14117,1.14124
2026-07-21 13:32:00,1.14112,1.14126,1.14112,1.14123
2026-07-21 13:31:00,1.14112,1.14116,1.14112,1.14116
2026-07-21 13:30:00,1.14109,1.14118,1.14109,1.14115
2026-07-21 13:29:00,1.1411,1.14112,1.1411,1.14112
2026-07-21 13:28:00,1.14108,1.14114,1.14108,1.14112
2026-07-21 13:27:00,1.1411,1.14111,1.14108,1.14111
2026-07-21 13:26:00,1.14107,1.14111,1.14106,1.14111
2026-07-21 13:25:00,1.14108,1.14112,1.14107,1.14108
2026-07-21 13:24:00,1.14111,1.14111,1.14107,1.14108
2026-07-21 13:23:00,1.14113,1.14113,1.14106,1.14108
2026-07-21 13:22:00,1.14111,1.14115,1.14106,1.14115
2026-07-21 13:21:00,1.14106,1.14118,1.14106,1.14115
2026-07-21 13:20:00,1.14106,1.14109,1.14106,1.14109
2026-07-21 13:19:00,1.14101,1.14112,1.14101,1.1411
2026-07-21 13:18:00,1.14101,1.14105,1.14101,1.14105
2026-07-21 13:17:00,1.141,1.14106,1.141,1.141
2026-07-21 13:16:00,1.14101,1.14102,1.14097,1.14102
2026-07-21 13:15:00,1.14107,1.14107,1.14097,1.14098
2026-07-21 13:14:00,1.14111,1.14111,1.14099,1.14102
2026-07-21 13:13:00,1.14109,1.14113,1.14106,1.14113
2026-07-21 13:12:00,1.14105,1.14115,1.14105,1.14113
2026-07-21 13:11:00,1.14101,1.14108,1.14101,1.14108
2026-07-21 13:10:00,1.141,1.14111,1.14093,1.14095
2026-07-21 13:09:00,1.14099,1.14103,1.14097,1.14103
2026-07-21 13:08:00,1.14094,1.14105,1.14094,1.14103
2026-07-21 13:07:00,1.14097,1.14098,1.14094,1.14097
2026-07-21 13:06:00,1.14098,1.14098,1.14094,1.14095
2026-07-21 13:05:00,1.14108,1.14108,1.14094,1.14096
2026-07-21 13:04:00,1.1412,1.1412,1.14097,1.14101
2026-07-21 13:03:00,1.14121,1.14121,1.14106,1.14121
2026-07-21 13:02:00,1.14122,1.14123,1.14119,1.14123
2026-07-21 13:01:00,1.14113,1.14126,1.14113,1.14124
2026-07-21 13:00:00,1.14115,1.1412,1.14114,1.14119
2026-07-21 12:59:00,1.14115,1.14119,1.14115,1.14115
2026-07-21 12:58:00,1.14114,1.14117,1.14114,1.14117
2026-07-21 12:57:00,1.1411,1.14119,1.1411,1.14117
2026-07-21 12:56:00,1.1411,1.14115,1.1411,1.14114
2026-07-21 12:55:00,1.14116,1.14116,1.14106,1.14108
2026-07-21 12:54:00,1.14122,1.14122,1.14108,1.14111
2026-07-21 12:53:00,1.14125,1.14125,1.14116,1.14118
2026-07-21 12:52:00,1.1413,1.1413,1.1412,1.14122
2026-07-21 12:51:00,1.14131,1.14133,1.14124,1.14131
2026-07-21 12:50:00,1.14131,1.14134,1.14127,1.14131
2026-07-21 12:49:00,1.1413,1.14133,1.1413,1.14133
2026-07-21 12:48:00,1.14132,1.14136,1.14129,1.14129
2026-07-21 12:47:00,1.14133,1.14134,1.14128,1.14134
2026-07-21 12:46:00,1.14141,1.14141,1.14129,1.1413
2026-07-21 12:45:00,1.14139,1.14142,1.14132,1.14142
2026-07-21 12:44:00,1.14141,1.14141,1.14138,1.14139
2026-07-21 12:43:00,1.14147,1.14147,1.14138,1.14139
2026-07-21 12:42:00,1.14145,1.14151,1.1414,1.1415
2026-07-21 12:41:00,1.14144,1.14151,1.14143,1.14144
2026-07-21 12:40:00,1.14148,1.14148,1.14142,1.14144
2026-07-21 12:39:00,1.14152,1.14152,1.14145,1.14146
2026-07-21 12:38:00,1.14148,1.14154,1.14147,1.14154
2026-07-21 12:37:00,1.14143,1.14156,1.14143,1.14153
2026-07-21 12:36:00,1.14146,1.14149,1.14142,1.14146
2026-07-21 12:35:00,1.14145,1.14147,1.14142,1.14147
2026-07-21 12:34:00,1.14143,1.14149,1.14143,1.14148
2026-07-21 12:33:00,1.1414,1.14145,1.1414,1.14145
2026-07-21 12:32:00,1.1414,1.14147,1.14138,1.1414
2026-07-21 12:31:00,1.14143,1.14144,1.14138,1.14139
2026-07-21 12:30:00,1.1415,1.1415,1.14138,1.1414
2026-07-21 12:29:00,1.14149,1.14155,1.14142,1.14154
2026-07-21 12:28:00,1.14154,1.14154,1.14147,1.14147
2026-07-21 12:27:00,1.14159,1.14159,1.14148,1.14151
2026-07-21 12:26:00,1.14161,1.14161,1.14153,1.14155
2026-07-21 12:25:00,1.14153,1.14166,1.14153,1.14165
2026-07-21 12:24:00,1.14147,1.14162,1.14147,1.14159
2026-07-21 12:23:00,1.14143,1.14156,1.14143,1.14153
2026-07-21 12:22:00,1.14146,1.14147,1.14141,1.14142
2026-07-21 12:21:00,1.14148,1.14148,1.14142,1.14143
2026-07-21 12:20:00,1.14151,1.14151,1.14145,1.14147
2026-07-21 12:19:00,1.14152,1.14153,1.14146,1.14148
2026-07-21 12:18:00,1.14152,1.14154,1.1415,1.14154
2026-07-21 12:17:00,1.14152,1.14156,1.1415,1.1415
2026-07-21 12:16:00,1.14156,1.14156,1.1415,1.14151
2026-07-21 12:15:00,1.14157,1.14157,1.1415,1.14152
2026-07-21 12:14:00,1.14155,1.14158,1.14155,1.14158
2026-07-21 12:13:00,1.14157,1.14157,1.14154,1.14155
2026-07-21 12:12:00,1.14155,1.14159,1.14154,1.14158
2026-07-21 12:11:00,1.14156,1.14157,1.14154,1.14157
2026-07-21 12:10:00,1.1416,1.1416,1.14151,1.14153
2026-07-21 12:09:00,1.14159,1.14163,1.14155,1.14163
2026-07-21 12:08:00,1.1416,1.14164,1.14157,1.14158
2026-07-21 12:07:00,1.14155,1.14163,1.14155,1.14163
2026-07-21 12:06:00,1.14153,1.14164,1.1415,1.14153
2026-07-21 12:05:00,1.14155,1.14155,1.14151,1.14155
2026-07-21 12:04:00,1.14153,1.14159,1.14153,1.14158
2026-07-21 12:03:00,1.14154,1.14158,1.14153,1.14154
2026-07-21 12:02:00,1.14152,1.14155,1.14152,1.14155
2026-07-21 12:01:00,1.14147,1.14158,1.14147,1.14156
2026-07-21 12:00:00,1.1415,1.14151,1.14147,1.1415
2026-07-21 11:59:00,1.14152,1.14153,1.14146,1.14147
2026-07-21 11:58:00,1.14153,1.14154,1.14149,1.14154
2026-07-21 11:57:00,1.14151,1.14156,1.14149,1.14155
2026-07-21 11:56:00,1.1415,1.14153,1.1415,1.14153
2026-07-21 11:55:00,1.14148,1.14154,1.14148,1.14153
2026-07-21 11:54:00,1.14151,1.14152,1.14147,1.14148
2026-07-21 11:53:00,1.14151,1.14151,1.14149,1.14151
2026-07-21 11:52:00,1.14154,1.14154,1.1415,1.1415
2026-07-21 11:51:00,1.14156,1.14156,1.14149,1.14156
2026-07-21 11:50:00,1.14156,1.14159,1.14153,1.14154
2026-07-21 11:49:00,1.14159,1.14159,1.14153,1.14159
2026-07-21 11:48:00,1.1416,1.14161,1.14151,1.14153
2026-07-21 11:47:00,1.14158,1.14162,1.14157,1.14162
2026-07-21 11:46:00,1.14163,1.14163,1.14153,1.14154
2026-07-21 11:45:00,1.1416,1.14164,1.14153,1.14164
